<?xml version="1.0"?>
<actions> 
<!--itemids-->
		<action itemid="294" script="teleport.lua" />
		<action itemid="383" script="teleport.lua" />
		<action itemid="385" script="teleport.lua" />
		<action itemid="392" script="teleport.lua" /> 
		<action itemid="408" script="teleport.lua" />
		<action itemid="409" script="teleport.lua" />
		<action itemid="410" script="teleport.lua" />
		<action itemid="411" script="teleport.lua" />
		<action itemid="423" script="teleport.lua" />
		<action itemid="427" script="teleport.lua" />
		<action itemid="428" script="teleport.lua" />
		<action itemid="429" script="teleport.lua" />
		<action itemid="430" script="teleport.lua" />
		<action itemid="432" script="teleport.lua" />
		<action itemid="469" script="teleport.lua" />
		<action itemid="470" script="teleport.lua" />
		<action itemid="479" script="teleport.lua" />
		<action itemid="480" script="teleport.lua" />
		<action itemid="482" script="teleport.lua" />
		<action itemid="484" script="teleport.lua" />
		<action itemid="485" script="teleport.lua" />
		<action itemid="489" script="teleport.lua" />
		<action itemid="493" script="teleport.lua" />
		<action itemid="1209" script="door.lua" 			/>
		<action itemid="1210" script="doors_keys/door_closed.lua" 			/>
		<action itemid="1211" script="doors_keys/door_open_vertical.lua" 	/>
		<action itemid="1212" script="door.lua" 			/>
		<action itemid="1213" script="doors_keys/door_closed.lua" 			/>
		<action itemid="1214" script="doors_keys/door_open_horizontal.lua" 	/>
		<action itemid="1219" script="doors_keys/door_closed.lua" 			/>
		<action itemid="1220" script="doors_keys/door_open_vertical.lua" 	/>
		<action itemid="1221" script="doors_keys/door_closed.lua" 			/>
		<action itemid="1222" script="doors_keys/door_open_horizontal.lua" 	/>
		<action itemid="1223" script="door.lua" />
		<action itemid="1224" script="door.lua" />
		<action itemid="1225" script="door.lua" />
		<action itemid="1226" script="door.lua" />
		<action itemid="1227" script="leveldoor.lua" />
		<action itemid="1228" script="door.lua" />
		<action itemid="1229" script="leveldoor.lua" />
		<action itemid="1230" script="door.lua" />
		<action itemid="1231" script="door.lua" 			/>
		<action itemid="1232" script="doors_keys/door_closed.lua" 			/>
		<action itemid="1233" script="doors_keys/door_open_vertical.lua" 	/>
		<action itemid="1234" script="door.lua" 			/>
		<action itemid="1235" script="doors_keys/door_closed.lua" 			/>
		<action itemid="1236" script="doors_keys/door_open_horizontal.lua" 	/>
		<action itemid="1237" script="doors_keys/door_closed.lua" 			/>
		<action itemid="1238" script="doors_keys/door_open_vertical.lua" 	/>
		<action itemid="1239" script="doors_keys/door_closed.lua" 			/>
		<action itemid="1240" script="doors_keys/door_open_horizontal.lua" 	/>
		<action itemid="1241" script="door.lua" />
		<action itemid="1242" script="door.lua" />
		<action itemid="1243" script="door.lua" />
		<action itemid="1244" script="door.lua" />
		<action itemid="1245" script="leveldoor.lua" />
		<action itemid="1246" script="door.lua" />
		<action itemid="1248" script="door.lua" />
		<action itemid="1247" script="leveldoor.lua" />
		<action itemid="1249" script="door.lua" 			/>
		<action itemid="1250" script="doors_keys/door_closed.lua" />
		<action itemid="1251" script="doors_keys/door_open_vertical.lua" 	/>
		<action itemid="1252" script="door.lua" 			/>
		<action itemid="1253" script="doors_keys/door_closed.lua" 			/>
		<action itemid="1254" script="doors_keys/door_open_horizontal.lua" 	/>
		<action itemid="1255" script="door.lua" />
		<action itemid="1256" script="leveldoor.lua" />
		<action itemid="1257" script="door.lua" />
		<action itemid="1258" script="door.lua" />
		<action itemid="1259" script="door.lua" />
		<action itemid="1260" script="door.lua" />
		<action itemid="1261" script="leveldoor.lua" />
		<action itemid="1262" script="door.lua" />
		<action itemid="1353" script="quest.lua" />
		<action itemid="1386" script="teleport.lua" />
		<action itemid="1479" script="trans_inc.lua" />
		<action itemid="1480" script="trans_dec.lua" />
		<action itemid="1539" script="door.lua" />
		<action itemid="1540" script="door.lua" />
		<action itemid="1541" script="door.lua" />
		<action itemid="1542" script="door.lua" />
		<action itemid="1634" script="door.lua" />
		<action itemid="1635" script="door.lua" />
		<action itemid="1636" script="door.lua" />
		<action itemid="1637" script="door.lua" />
		<action itemid="1638" script="door.lua" />
		<action itemid="1639" script="door.lua" />
		<action itemid="1640" script="door.lua" />
		<action itemid="1641" script="door.lua" />
		<action itemid="1728" script="watch.lua" />
		<action itemid="1729" script="watch.lua" />
		<action itemid="1730" script="watch.lua" />
		<action itemid="1731" script="watch.lua" />
		<action itemid="1740" script="quest.lua" />
		<action itemid="1747" script="quest.lua" />
		<action itemid="1748" script="quest.lua" />
		<action itemid="1749" script="quest.lua" />
		<action itemid="1770" script="quest.lua" />
		<action itemid="1786" script="trans_inc.lua" />
		<action itemid="1787" script="trans_dec.lua" />
		<action itemid="1788" script="trans_inc.lua" />
		<action itemid="1789" script="trans_dec.lua" />
		<action itemid="1790" script="trans_inc.lua" />
		<action itemid="1791" script="trans_dec.lua" />
		<action itemid="1792" script="trans_inc.lua" />
		<action itemid="1793" script="trans_dec.lua" />
		<action itemid="1855" script="Tapestries.lua" />
		<action itemid="1856" script="Tapestries.lua" />
		<action itemid="1857" script="Tapestries.lua" />
		<action itemid="1858" script="Tapestries.lua" />
		<action itemid="1859" script="Tapestries.lua" />
		<action itemid="1860" script="Tapestries.lua" />
		<action itemid="1861" script="Tapestries.lua" />
		<action itemid="1862" script="Tapestries.lua" />
		<action itemid="1863" script="Tapestries.lua" />
		<action itemid="1864" script="Tapestries.lua" />
		<action itemid="1865" script="Tapestries.lua" />
		<action itemid="1866" script="Tapestries.lua" />
		<action itemid="1867" script="Tapestries.lua" />
		<action itemid="1868" script="Tapestries.lua" />
		<action itemid="1869" script="Tapestries.lua" />
		<action itemid="1870" script="Tapestries.lua" />
		<action itemid="1871" script="Tapestries.lua" />
		<action itemid="1872" script="Tapestries.lua" />
		<action itemid="1873" script="trans_inc.lua" /> --cuckoo clock--
		<action itemid="1874" script="trans_dec.lua" /> --cuckoo clock--
		<action itemid="1875" script="trans_inc.lua" /> --cuckoo clock--
		<action itemid="1876" script="trans_dec.lua" /> --cuckoo clock--
		<action itemid="1945" script="gambling.lua" />
		<action itemid="1946" script="gambling.lua" />
		<action itemid="1947" script="rwitems.lua" />
		<action itemid="1948" script="rwitems.lua" />
		<action itemid="1949" script="rwitems.lua" />
		<action itemid="1950" script="rwitems.lua" />
		<action itemid="1951" script="rwitems.lua" />
		<action itemid="1952" script="rwitems.lua" />
		<action itemid="1953" script="rwitems.lua" />
		<action itemid="1954" script="rwitems.lua" />
		<action itemid="1955" script="rwitems.lua" />
		<action itemid="1956" script="rwitems.lua" />
		<action itemid="1957" script="rwitems.lua" />
		<action itemid="1958" script="rwitems.lua" />
		<action itemid="1959" script="rwitems.lua" />
		<action itemid="1960" script="rwitems.lua" />
		<action itemid="1961" script="rwitems.lua" />
		<action itemid="1962" script="rwitems.lua" />
		<action itemid="1963" script="rwitems.lua" />
		<action itemid="1964" script="rwitems.lua" />
		<action itemid="1965" script="rwitems.lua" />
		<action itemid="1966" script="rwitems.lua" />
		<action itemid="1967" script="rwitems.lua" />
		<action itemid="1968" script="rwitems.lua" />
		<action itemid="1969" script="rwitems.lua" />
		<action itemid="1970" script="rwitems.lua" />
		<action itemid="1971" script="rwitems.lua" />
		<action itemid="1972" script="rwitems.lua" />
		<action itemid="1973" script="rwitems.lua" />
		<action itemid="1974" script="rwitems.lua" />
		<action itemid="1975" script="rwitems.lua" />
		<action itemid="1976" script="rwitems.lua" />
		<action itemid="1977" script="rwitems.lua" />
		<action itemid="1978" script="rwitems.lua" />
		<action itemid="1979" script="rwitems.lua" />
		<action itemid="1980" script="rwitems.lua" />
		<action itemid="1981" script="rwitems.lua" />
		<action itemid="1982" script="rwitems.lua" />
		<action itemid="1983" script="rwitems.lua" />
		<action itemid="1984" script="rwitems.lua" />
		<action itemid="1985" script="rwitems.lua" />
		<action itemid="1986" script="rwitems.lua" />
		<action itemid="2005" script="fluids.lua" />
		<action itemid="2006" script="fluids.lua" />
		<action itemid="2007" script="fluids.lua" />
		<action itemid="2008" script="fluids.lua" />
		<action itemid="2009" script="fluids.lua" />
		<action itemid="2011" script="fluids.lua" />
		<action itemid="2012" script="fluids.lua" />
		<action itemid="2013" script="fluids.lua" />
		<action itemid="2014" script="fluids.lua" />
		<action itemid="2015" script="fluids.lua" />
		<action itemid="2023" script="fluids.lua" />
		<action itemid="2031" script="fluids.lua" />
		<action itemid="2032" script="fluids.lua" />
		<action itemid="2033" script="fluids.lua" />
		<action itemid="2034" script="fluids.lua" />
		<action itemid="2036" script="watch.lua" />
		<action itemid="2037" script="trans_inc.lua" />
		<action itemid="2038" script="trans_dec.lua" />
		<action itemid="2039" script="trans_inc.lua" />
		<action itemid="2040" script="trans_dec.lua" />
		<action itemid="2041" script="decayto.lua" /> --candelabrum--
		<action itemid="2042" script="decayto.lua" /> --candelabrum--
		<action itemid="2044" script="decayto.lua" /> --lamp--
		<action itemid="2045" script="decayto.lua" /> --lamp--
		<action itemid="2047" script="decayto.lua" /> --candle--
		<action itemid="2048" script="decayto.lua" /> --candle--
		<action itemid="2050" script="decayto.lua" /> --torch--
		<action itemid="2051" script="decayto.lua" /> --torch--
		<action itemid="2052" script="decayto.lua" /> --torch--
		<action itemid="2053" script="decayto.lua" /> --torch--
		<action itemid="2054" script="decayto.lua" /> --torch--
		<action itemid="2055" script="decayto.lua" /> --torch--
		<action itemid="2057" script="decayto.lua" /> --candelabrum--
		<action itemid="2058" script="trans_inc.lua" />
		<action itemid="2059" script="trans_dec.lua" />
		<action itemid="2060" script="trans_inc.lua" />
		<action itemid="2061" script="trans_dec.lua" />
		<action itemid="2064" script="trans_inc.lua" />
		<action itemid="2065" script="trans_dec.lua" />
		<action itemid="2066" script="trans_inc.lua" />
		<action itemid="2067" script="trans_dec.lua" />
		<action itemid="2068" script="trans_inc.lua" />
		<action itemid="2069" script="trans_dec.lua" />
		<action itemid="2070" script="music.lua" /> --flute--
		<action itemid="2071" script="music.lua" /> --lyre--
		<action itemid="2072" script="music.lua" /> --lute--
		<action itemid="2073" script="music.lua" /> --drum--
		<action itemid="2074" script="music.lua" /> --flute--
		<action itemid="2075" script="music.lua" /> --simple fanfare--
		<action itemid="2076" script="music.lua" /> --fanfare--
		<action itemid="2077" script="music.lua" /> --royal fanfare--
		<action itemid="2078" script="music.lua" /> --post horn--
		<action itemid="2079" script="music.lua" /> --horn--
		<action itemid="2080" script="music.lua" /> --piano--
		<action itemid="2081" script="music.lua" /> --piano--
		<action itemid="2082" script="music.lua" /> --piano--
		<action itemid="2083" script="music.lua" /> --piano--
		<action itemid="2084" script="music.lua" /> --harp--
		<action itemid="2085" script="music.lua" /> --harp--
		<action itemid="2086" script="doors_keys/key.lua" />
		<action itemid="2087" script="doors_keys/key.lua"					/>
		<action itemid="2088" script="doors_keys/key.lua"					/>
		<action itemid="2089" script="doors_keys/key.lua"					/>
		<action itemid="2090" script="doors_keys/key.lua"					/>
		<action itemid="2091" script="doors_keys/key.lua"					/>
		<action itemid="2092" script="doors_keys/key.lua"					/>
		<action itemid="2096" script="trans_inc.lua" /> --hallowen--
		<action itemid="2097" script="trans_dec.lua" /> --hallowen--
		<action itemid="2114" script="trans_inc.lua" /> --pig bank--
		<action itemid="2120" script="rope.lua" />
		<action itemid="2148" script="gold.lua" />
		<action itemid="2152" script="platinum.lua" />
		<action itemid="2162" script="trans_inc.lua" /> --magic lightwand--
		<action itemid="2163" script="trans_dec.lua" /> --magic lightwand--
		<action itemid="2261" script="destroyfield.lua" allowfaruse="1" />
		<action itemid="2275" script="megarune.lua" allowfaruse="1"/>
		<action itemid="2281" script="mana_rune.lua" allowfaruse="1" blockwalls="0" /> -- Manarune
		<action itemid="2309" script="light.lua" allowfaruse="1"/> --light--
		<action itemid="2314" script="mana_rune.lua" allowfaruse="1" blockwalls="0" /> -- Super Manarune
		<action itemid="2328" script="food.lua" /> --dragon egg - weight= 0.3 --
		<action itemid="2332" script="music.lua" /> --post horn--
		<action itemid="2362" script="food.lua" /> --carrot - weight= 2.0 -96s--
		<action itemid="2363" script="food.lua" /> --red apple - weight=1.5 -72s--
		<action itemid="2364" script="music.lua" /> --post horn--
		<action itemid="2367" script="music.lua" /> --drum--
		<action itemid="2368" script="music.lua" /> --simple fanfare--
		<action itemid="2370" script="music.lua" /> --lute--
		<action itemid="2371" script="music.lua" /> --post horn--
		<action itemid="2372" script="music.lua" /> --lyre--
		<action itemid="2373" script="music.lua" /> --panpipes--
		<action itemid="2376" script="destroy.lua" />
		<action itemid="2377" script="destroy.lua" />
		<action itemid="2378" script="destroy.lua" />
		<action itemid="2379" script="destroy.lua" />
		<action itemid="2380" script="destroy.lua" />
		<action itemid="2381" script="destroy.lua" />
		<action itemid="2382" script="destroy.lua" />
		<action itemid="2383" script="destroy.lua" />
		<action itemid="2384" script="destroy.lua" />
		<action itemid="2385" script="destroy.lua" />
		<action itemid="2386" script="destroy.lua" />
		<action itemid="2387" script="destroy.lua" />
		<action itemid="2388" script="destroy.lua" />
		<action itemid="2389" script="destroy.lua" />
		<action itemid="2390" script="destroy.lua" />
		<action itemid="2391" script="destroy.lua" />
		<action itemid="2392" script="destroy.lua" />
		<action itemid="2393" script="destroy.lua" />
		<action itemid="2394" script="destroy.lua" />
		<action itemid="2395" script="destroy.lua" />
		<action itemid="2396" script="destroy.lua" />
		<action itemid="2397" script="destroy.lua" />
		<action itemid="2398" script="destroy.lua" />
		<action itemid="2399" script="destroy.lua" />
		<action itemid="2400" script="destroy.lua" />
		<action itemid="2401" script="destroy.lua" />
		<action itemid="2402" script="destroy.lua" />
		<action itemid="2403" script="destroy.lua" />
		<action itemid="2404" script="destroy.lua" />
		<action itemid="2406" script="destroy.lua" />
		<action itemid="2407" script="destroy.lua" />
		<action itemid="2408" script="destroy.lua" />
		<action itemid="2409" script="destroy.lua" />
		<action itemid="2410" script="destroy.lua" />
		<action itemid="2411" script="destroy.lua" />
		<action itemid="2412" script="destroy.lua" />
		<action itemid="2413" script="destroy.lua" />
		<action itemid="2414" script="destroy.lua" />
		<action itemid="2415" script="destroy.lua" />
		<action itemid="2416" script="destroy.lua" />
		<action itemid="2417" script="destroy.lua" />
		<action itemid="2418" script="destroy.lua" />
		<action itemid="2419" script="destroy.lua" />
		<action itemid="2420" script="destroy.lua" />
		<action itemid="2421" script="destroy.lua" />
		<action itemid="2422" script="destroy.lua" />
		<action itemid="2423" script="destroy.lua" />
		<action itemid="2424" script="destroy.lua" />
		<action itemid="2425" script="destroy.lua" />
		<action itemid="2426" script="destroy.lua" />
		<action itemid="2427" script="destroy.lua" />
		<action itemid="2428" script="destroy.lua" />
		<action itemid="2429" script="destroy.lua" />
		<action itemid="2430" script="destroy.lua" />
		<action itemid="2431" script="destroy.lua" />
		<action itemid="2432" script="destroy.lua" />
		<action itemid="2433" script="destroy.lua" />
		<action itemid="2434" script="destroy.lua" />
		<action itemid="2435" script="destroy.lua" />
		<action itemid="2436" script="destroy.lua" />
		<action itemid="2437" script="destroy.lua" />
		<action itemid="2438" script="destroy.lua" />
		<action itemid="2439" script="destroy.lua" />
		<action itemid="2440" script="destroy.lua" />
		<action itemid="2441" script="destroy.lua" />
		<action itemid="2442" script="destroy.lua" />
		<action itemid="2443" script="destroy.lua" />
		<action itemid="2444" script="destroy.lua" />
		<action itemid="2445" script="destroy.lua" />
		<action itemid="2446" script="destroy.lua" />
		<action itemid="2447" script="destroy.lua" />
		<action itemid="2448" script="destroy.lua" />
		<action itemid="2449" script="destroy.lua" />
		<action itemid="2450" script="destroy.lua" />
		<action itemid="2451" script="destroy.lua" />
		<action itemid="2452" script="destroy.lua" />
		<action itemid="2453" script="destroy.lua" />
		<action itemid="2553" script="mining mit actionid.lua" />
		<action itemid="2554" script="shovel.lua" />	
		<action itemid="2574" script="fluids.lua" />
		<action itemid="2575" script="fluids.lua" />
		<action itemid="2576" script="fluids.lua" />
		<action itemid="2577" script="fluids.lua" />
		<action itemid="2578" script="trans_inc.lua" />
		<action itemid="2579" script="trans_dec.lua" />
		<action itemid="2580" script="fishing.lua" allowfaruse="1" blockwalls="1" />
		<action itemid="2597" script="rwitems.lua" />
		<action itemid="2598" script="rwitems.lua" />
		<action itemid="2599" script="rwitems.lua" />
		<action itemid="2666" script="food.lua" /> --meat - weight= 13.0 -180s--
		<action itemid="2667" script="food.lua" /> --fish - weight= 5.2 -144s--
		<action itemid="2668" script="food.lua" /> --salmon - weight= 3.2 -120s--
		<action itemid="2669" script="food.lua" /> --big fish - weight= 1.2 --
		<action itemid="2670" script="food.lua" /> --shrimp - weight=  --
		<action itemid="2671" script="food.lua" /> --ham - weight= 20.0 -360s--
		<action itemid="2672" script="food.lua" /> --dragon ham - weight= 30.0 -720s--
		<action itemid="2673" script="food.lua" /> --pears - weight= 1.4 --
		<action itemid="2674" script="food.lua" /> --apple - weight=1.5 --
		<action itemid="2675" script="food.lua" /> --orange - weight= 1.1 -156s--
		<action itemid="2676" script="food.lua" /> --banana - weight= 1.8 -96s--
		<action itemid="2677" script="food.lua" /> --blueberry - weight= 0.2 -8s--
		<action itemid="2678" script="food.lua" /> --coconut - weight= 4.8 --
		<action itemid="2679" script="food.lua" /> --cherry - weight= 0.2 -12s---
		<action itemid="2680" script="food.lua" /> --strawberry - weight= 0.2 -24s--
		<action itemid="2681" script="food.lua" /> --grape - weight= 2.5 -108s--
		<action itemid="2682" script="food.lua" /> --melon - weight= 9.5 -240s--
		<action itemid="2683" script="food.lua" /> --pumpkin - weight=  --
		<action itemid="2684" script="food.lua" /> --carrot - weight= 2.0 -96s--
		<action itemid="2685" script="food.lua" /> --tomato - weight= 1.0 --
		<action itemid="2686" script="food.lua" /> --corncob - weight= 3.5 -108s--
		<action itemid="2687" script="food.lua" /> --cookie - weight= 0.1 -24s--
		<action itemid="2688" script="food.lua" /> --candy cane weight= 0.5 --
		<action itemid="2689" script="food.lua" /> --bread - weight= 5.0 -120s--
		<action itemid="2690" script="food.lua" /> --roll - weight= 0.8 -36s--
		<action itemid="2691" script="food.lua" /> --brown - bread weight= 4.0 -96s--
		<action itemid="2692" script="make_dough.lua" />
		<action itemid="2693" script="make_bread.lua" />
		<action itemid="2694" script="make_flour.lua" />
		<action itemid="2695" script="food.lua" /> --egg - weight= 0.3 -96s--
		<action itemid="2696" script="food.lua" /> --cheese - weight= 4.0 -108s--
		<action itemid="2334" script="uhautomat.lua" />
		<action itemid="2593" script="uhautomat2.lua" />
		<action itemid="2699" script="adori blank baum.lua" />
		<action itemid="2701" script="garden.lua" />
		<action itemid="2703" script="garden.lua" />
		<action itemid="2705" script="garden.lua" />
		<action itemid="2762" script="garden.lua" />
		<action itemid="2763" script="garden.lua" />
		<action itemid="2764" script="garden.lua" />
		<action itemid="2768" script="quest.lua" />
		<action itemid="2785" script="blueberrybush.lua" />
		<action itemid="2787" script="food.lua" /> --white mushroom - weight= 0.4 -72s--
		<action itemid="2788" script="food.lua" /> --red mushroom - weight= 0.5 -32s--
		<action itemid="2789" script="food.lua" /> --brown mushroom - weight= 0.2 -176s--
		<action itemid="2790" script="food.lua" /> --mushroom - weight= 0.3 -84s--
		<action itemid="2791" script="food.lua" /> --mushroom - weight= 0.3 -84s--
		<action itemid="2792" script="food.lua" /> --dark mushroom - weight= 0.1 --
		<action itemid="2793" script="food.lua" /> --mushroom - weight= 0.1 -84s--
		<action itemid="2794" script="food.lua" /> --mushroom - weight= 0.1 -84s--
		<action itemid="2795" script="food.lua" /> --fire mushroom - weight= 0.1 --
		<action itemid="2796" script="food.lua" /> --green mushroom - weight= 0.1 -140s--
		<action itemid="3535" script="door.lua" 			/>
		<action itemid="3536" script="doors_keys/door_closed.lua" 			/>
		<action itemid="3537" script="doors_keys/door_open_horizontal.lua" 	/>
		<action itemid="3538" script="doors_keys/door_closed.lua" 			/>
		<action itemid="3539" script="doors_keys/door_open_horizontal.lua" 	/>
		<action itemid="3540" script="leveldoor.lua" />
		<action itemid="3541" script="door.lua" />
		<action itemid="3542" script="door.lua" />
		<action itemid="3543" script="door.lua" />
		<action itemid="3544" script="door.lua" 			/>
		<action itemid="3545" script="doors_keys/door_closed.lua" 			/>
		<action itemid="3546" script="doors_keys/door_open_vertical.lua" 	/>
		<action itemid="3547" script="doors_keys/door_closed.lua" 			/>
		<action itemid="3548" script="doors_keys/door_open_vertical.lua" 	/>
		<action itemid="3549" script="leveldoor.lua" />
		<action itemid="3550" script="door.lua" />
		<action itemid="3551" script="door.lua" />
		<action itemid="3552" script="door.lua" />
		<action itemid="3678" script="teleport.lua" />
		<action itemid="3743" script="trans_inc.lua" />  --lantern--
		<action itemid="3744" script="trans_dec.lua" />
		<action itemid="3901" script="constructionkits.lua" />
		<action itemid="3902" script="constructionkits.lua" />
		<action itemid="3903" script="constructionkits.lua" />
		<action itemid="3904" script="constructionkits.lua" />
		<action itemid="3905" script="constructionkits.lua" />
		<action itemid="3906" script="constructionkits.lua" />
		<action itemid="3907" script="constructionkits.lua" />
		<action itemid="3908" script="constructionkits.lua" />
		<action itemid="3909" script="constructionkits.lua" />
		<action itemid="3910" script="constructionkits.lua" />
		<action itemid="3911" script="constructionkits.lua" />
		<action itemid="3912" script="constructionkits.lua" />
		<action itemid="3913" script="constructionkits.lua" />
		<action itemid="3914" script="constructionkits.lua" />
		<action itemid="3915" script="constructionkits.lua" />
		<action itemid="3916" script="constructionkits.lua" />
		<action itemid="3917" script="constructionkits.lua" />
		<action itemid="3918" script="constructionkits.lua" />
		<action itemid="3919" script="constructionkits.lua" />
		<action itemid="3920" script="constructionkits.lua" />
		<action itemid="3921" script="constructionkits.lua" />
		<action itemid="3922" script="constructionkits.lua" />
		<action itemid="3923" script="constructionkits.lua" />
		<action itemid="3924" script="constructionkits.lua" />
		<action itemid="3925" script="constructionkits.lua" />
		<action itemid="3926" script="constructionkits.lua" />
		<action itemid="3927" script="constructionkits.lua" />
		<action itemid="3928" script="constructionkits.lua" />
		<action itemid="3929" script="constructionkits.lua" />
		<action itemid="3930" script="constructionkits.lua" />
		<action itemid="3931" script="constructionkits.lua" />
		<action itemid="3932" script="constructionkits.lua" />
		<action itemid="3933" script="constructionkits.lua" />
		<action itemid="3934" script="constructionkits.lua" />
		<action itemid="3935" script="constructionkits.lua" />
		<action itemid="3936" script="constructionkits.lua" />
		<action itemid="3937" script="constructionkits.lua" />
		<action itemid="3938" script="constructionkits.lua" />
		<action itemid="3947" script="trans_inc.lua" />  --wall lantern--
		<action itemid="3948" script="trans_dec.lua" />
		<action itemid="4006" script="garden.lua" />
		<action itemid="4170" script="garden.lua" />
		<action itemid="4171" script="garden.lua" />
		<action itemid="4180" script="garden.lua" />
		<action itemid="4181" script="garden.lua" />
		<action itemid="4178" script="garden.lua" />
		<action itemid="4179" script="garden.lua" />
		<action itemid="4875" script="quest.lua" />
		<action itemid="4913" script="door.lua" 			/>
		<action itemid="4914" script="doors_keys/door_closed.lua" 			/>
		<action itemid="4915" script="doors_keys/door_open_vertical.lua" 	/>
		<action itemid="4916" script="door.lua" 			/>
		<action itemid="4917" script="doors_keys/door_closed.lua" 			/>
		<action itemid="4918" script="doors_keys/door_open_horizontal.lua" 	/>
		<action itemid="5082" script="doors_keys/door_closed.lua" 			/>
		<action itemid="5083" script="doors_keys/door_open_horizontal.lua" 	/>
		<action itemid="5084" script="doors_keys/door_closed.lua" 			/>
		<action itemid="5085" script="doors_keys/door_open_vertical.lua" 	/>
<!--itemids-->
<!-- uniqueids -->
<action uniqueid="5003" script="pharaochest.lua" />
<action uniqueid="5004" script="pharaochest.lua" />
<action uniqueid="5006" script="annihilator complete.lua" />
<action uniqueid="5007" script="annihilator complete.lua" />
<action uniqueid="5008" script="annihilator complete.lua" />
<action uniqueid="5017" script="pharaochest.lua" />
<action uniqueid="6400" script="demonquest.lua" />
<action uniqueid="6401" script="demonquest.lua" />
<action uniqueid="6402" script="demonquest.lua" />
<action uniqueid="6406" script="demonhelmet.lua" />
<action uniqueid="6407" script="demonhelmet.lua" />
<action uniqueid="6408" script="demonhelmet.lua" />
<action uniqueid="6503" script="orshanni.lua" />
<action uniqueid="6504" script="orshanni.lua" />
<action uniqueid="6505" script="orshanni.lua" />
<action uniqueid="6910" script="ver.lua" />
<action uniqueid="6911" script="ver.lua" />
<action uniqueid="6912" script="ver.lua" />
<action uniqueid="6813" script="apoca.lua" />
<action uniqueid="6814" script="apoca.lua" />
<action uniqueid="6815" script="apoca.lua" />
<action uniqueid="6816" script="apoca.lua" />
<action uniqueid="6999" script="rune_merger.lua" />
<action uniqueid="7000" script="annihilator complete.lua" />
<action uniqueid="7001" script="arenalever.lua" />
<action uniqueid="7002" script="spawn.lua" />
<action uniqueid="7003" script="spawn.lua" />
<action uniqueid="7004" script="spawn2.lua" />
<action uniqueid="7005" script="spawn2.lua" />
<action uniqueid="8000" script="orshalever.lua" />
<action uniqueid="8001" script="Citizen.lua" />
<action uniqueid="8002" script="Citizen.lua" />
<action uniqueid="8003" script="Citizen.lua" />
<action uniqueid="8004" script="Citizen.lua" />
<action uniqueid="8006" script="Citizen.lua" />
<action uniqueid="8007" script="Citizen.lua" />
<action uniqueid="8008" script="Citizen.lua" />
<action uniqueid="8009" script="Citizen.lua" />
<action uniqueid="8010" script="Citizen.lua" />
<action uniqueid="9165" script="raid.nayeli.dwarf.lua" />
<action uniqueid="9166" script="raid.city.warlock.lua" />
<action uniqueid="9167" script="raid.gotti.orshabaal.lua" />
<action uniqueid="9168" script="raid.city.demon.lua" />
<action uniqueid="9169" script="raid.city.orshabaal.lua" />
<action uniqueid="9170" script="raid.city.shadow.lua" />
<action uniqueid="9171" script="geheimweg.lua" />
<action uniqueid="9172" script="geheimweg1.lua" />
<action uniqueid="1201" script="r7_stairs1.lua" />
<action uniqueid="9501" script="r7_stairs2.lua" />
<action uniqueid="9502" script="r7_stairs2.lua" />
<action uniqueid="9503" script="r7_stairs2.lua" />
<action uniqueid="9506" script="r7_sewer_appear.lua" />
<action uniqueid="9015" script="r7_entrance.lua" />
<action uniqueid="9016" script="r7_carpetway.lua" />
<action uniqueid="9018" script="r7_tp_statue.lua" />
<action uniqueid="9019" script="r7_tp_tobazir.lua" />
<action uniqueid="9020" script="r7_tp_tonextpart.lua" />
<action uniqueid="9037" script="r7_alg_checklever.lua" />
<action uniqueid="9030" script="r7_alg_a.lua" />
<action uniqueid="9031" script="r7_alg_b.lua" />
<action uniqueid="9032" script="r7_alg_c.lua" />
<action uniqueid="9033" script="r7_alg_d.lua" />
<action uniqueid="9034" script="r7_alg_e.lua" />
<action uniqueid="9035" script="r7_alg_f.lua" />
<!-- uniqueids -->
</actions>