<?xml version="1.0"?>
<house><frontdoor x="97" y="37" z="7"/><owner name="GM Donation"/><guest name="Berti hier"/><doorowner x="96" y="34" z="6" name="Stylez"/><doorowner x="96" y="34" z="6" name="Trendz"/><doorowner x="96" y="34" z="6" name="Truebeliever"/><doorowner x="91" y="36" z="6" name="Stylez"/><doorowner x="91" y="36" z="6" name="Trendz"/><doorowner x="91" y="36" z="6" name="Truebeliever"/><doorowner x="91" y="33" z="7" name="Golden Mage"/><doorowner x="97" y="37" z="7" name="Golden Mage"/></house>
