<?xml version="1.0"?>
<house><frontdoor x="137" y="65" z="7"/><owner name="GM Donation"/><subowner name="oShowtek Staro"/><subowner name="oDidabe"/><guest name="oShowtek Star"/><guest name="oDukez"/><guest name="oPrincezza"/><doorowner x="135" y="67" z="6" name="Coca Cola"/><doorowner x="138" y="67" z="6" name="Coca Cola"/><doorowner x="133" y="70" z="6" name="Coca Cola"/><doorowner x="136" y="70" z="6" name="Coca Cola"/><doorowner x="138" y="70" z="6" name="Coca Cola"/><doorowner x="141" y="70" z="6" name="Rominchen"/><doorowner x="141" y="70" z="6" name="Bigem"/><doorowner x="135" y="68" z="7" name="Coca Cola"/><doorowner x="139" y="68" z="7" name="Coca Cola"/></house>
