<?xml version="1.0"?>
<house><frontdoor x="136" y="89" z="7"/><owner name="GM Donation"/><doorowner x="134" y="83" z="6" name="Master Knight"/><doorowner x="134" y="86" z="6" name="Master Knight"/><doorowner x="137" y="86" z="6" name="Master Knight"/><doorowner x="135" y="89" z="6" name="Kain"/><doorowner x="135" y="89" z="6" name="Stylez"/><doorowner x="135" y="89" z="6" name="Truebeliever"/><doorowner x="135" y="89" z="6" name="Nupoooo"/><doorowner x="135" y="89" z="6" name="Moph"/><doorowner x="135" y="89" z="6" name="Amagad"/><doorowner x="136" y="89" z="6" name="Trendz"/><doorowner x="132" y="90" z="6" name="Kain"/><doorowner x="132" y="90" z="6" name="Hotblond"/><doorowner x="139" y="90" z="6" name="Kain"/><doorowner x="139" y="90" z="6" name="Tibiawar"/><doorowner x="129" y="92" z="6" name="Kain"/><doorowner x="129" y="92" z="6" name="Hotblond"/><doorowner x="142" y="92" z="6" name="Kain"/><doorowner x="142" y="92" z="6" name="Tibiawar"/></house>
