<?xml version="1.0"?>
<house><frontdoor x="233" y="75" z="7"/><owner name="GM Donation"/><subowner name="Tempina"/><subowner name="Zagnafein"/><subowner name="Farodin"/><subowner name="Sethep"/><subowner name="Jannes"/><guest name="Tempina"/><doorowner x="233" y="75" z="7" name="Tempina"/><doorowner x="233" y="75" z="7" name="Zagnafein"/><doorowner x="233" y="75" z="7" name="Farodin"/><doorowner x="233" y="75" z="7" name="Sethep"/><doorowner x="233" y="75" z="7" name="Jannes"/><doorowner x="234" y="79" z="7" name="Tempina"/></house>
