<?xml version="1.0"?>
<house><frontdoor x="125" y="49" z="7"/><owner name="GM Donation"/><subowner name="Didabe"/><guest name="Kain"/><guest name="Truebeliever"/><guest name="Didabe"/><guest name="Vegeta"/><guest name="Moph"/><guest name="Susi"/><guest name="Ryuuku"/><guest name="Rl Uebo"/><guest name="Somiera"/><guest name="Raven"/><doorowner x="123" y="52" z="6" name="Holzkopf"/><doorowner x="123" y="52" z="6" name="Rhymin"/><doorowner x="123" y="52" z="6" name="Slipknot"/><doorowner x="126" y="52" z="6" name="Rhymin"/><doorowner x="126" y="52" z="6" name="Holzkopf"/><doorowner x="126" y="52" z="6" name="Slipknot"/><doorowner x="123" y="55" z="6" name="Rhymin"/><doorowner x="123" y="55" z="6" name="Slipknot"/><doorowner x="123" y="55" z="6" name="Holzkopf"/><doorowner x="126" y="55" z="6" name="Rhymin"/><doorowner x="126" y="55" z="6" name="Holzkopf"/><doorowner x="126" y="55" z="6" name="Slipknot"/><doorowner x="124" y="58" z="6" name="Slipknot"/><doorowner x="124" y="58" z="6" name="Rhymin"/><doorowner x="124" y="58" z="6" name="Holzkopf"/><doorowner x="126" y="60" z="6" name="Kain"/><doorowner x="126" y="60" z="6" name="Moph"/><doorowner x="125" y="49" z="7" name="Kain"/><doorowner x="125" y="49" z="7" name="Truebeliever"/><doorowner x="125" y="49" z="7" name="Didabe"/><doorowner x="125" y="49" z="7" name="Moph"/><doorowner x="125" y="49" z="7" name="Susi"/><doorowner x="125" y="49" z="7" name="Ryuuku"/><doorowner x="129" y="59" z="7" name="Kain"/><doorowner x="129" y="59" z="7" name="Moph"/></house>
