<?xml version="1.0"?>
<house><frontdoor x="690" y="753" z="7"/><owner name="GM Donation"/><subowner name="Bumcka"/><subowner name="Susi"/><guest name="Bumchakala"/><guest name="Susi"/><guest name="Mulliss"/><guest name="Drachenberserker"/><guest name="Aria"/><guest name="Freaky"/><guest name="Kaikio"/><doorowner x="690" y="755" z="6" name="Freaky"/><doorowner x="690" y="755" z="6" name="Bumchakala"/><doorowner x="694" y="755" z="6" name="Susi"/><doorowner x="694" y="755" z="6" name="Bumcka"/><doorowner x="694" y="756" z="6" name="Yeah"/><doorowner x="690" y="753" z="7" name="Freaky"/><doorowner x="690" y="753" z="7" name="Bumcka"/><doorowner x="690" y="753" z="7" name="Bumchakala"/><doorowner x="690" y="753" z="7" name="Kaikio"/><doorowner x="690" y="753" z="7" name="Pala of Freedom"/><doorowner x="690" y="753" z="7" name="Defender"/><doorowner x="690" y="753" z="7" name="Drachenberserker"/><doorowner x="690" y="753" z="7" name="Susi"/><doorowner x="690" y="753" z="7" name="Mulliss"/><doorowner x="690" y="753" z="7" name="Aria"/><doorowner x="690" y="753" z="7" name="Freaky"/><doorowner x="688" y="756" z="7" name="Freaky"/><doorowner x="688" y="756" z="7" name="Bumchakala"/></house>
