<?xml version="1.0"?>
<house><frontdoor x="684" y="774" z="7"/><owner name="GM Donation"/><subowner name="Pitty"/><subowner name="Slyck"/><subowner name="Hass"/><subowner name="Monster Block"/><subowner name="Povi"/><subowner name="Bash"/><subowner name="Slipknot"/><subowner name="Natalka"/><subowner name="Steal"/><subowner name="Sexy"/><subowner name="Leet Warlock"/><guest name="Pumpkin"/><guest name="Natalka"/><guest name="Slipknot"/><guest name="Steel"/><guest name="Xanty"/><guest name="Bash"/><guest name="Runes"/><guest name="Jessica Alba"/><guest name="Exodus"/><guest name="Sexy"/><guest name="Exodus"/><guest name="Leet Warlock"/><guest name="Brainbug"/><guest name="Maze"/><doorowner x="684" y="774" z="7" name="Tankadrom"/></house>
