<?xml version="1.0"?>
<house><frontdoor x="139" y="658" z="7"/><owner name="GM Donation"/><subowner name="Maolat"/><subowner name="Howeon"/><subowner name="Qiller"/><subowner name="Nacia"/><subowner name="Julka"/><guest name="Sir Sho"/><guest name="Ninja Revengee"/><guest name="Ri Czi Ricz"/><guest name="Knightix"/><guest name="Katedelun"/><guest name="Renazo Defender"/><guest name="Lasst Knight"/><guest name="Fenror"/><doorowner x="139" y="658" z="7" name="Vosuwar"/><doorowner x="139" y="658" z="7" name="Septer"/><doorowner x="139" y="658" z="7" name="Qoxu"/></house>
