<?xml version="1.0"?>
<house><frontdoor x="162" y="76" z="6"/><owner name="Undis"/><subowner name="Ryuuzaki"/><subowner name="Ryuuku"/><subowner name="Frost of Charon"/><subowner name="Pain"/><guest name="Rl Uebo"/><guest name="Hass"/><guest name="Sensemann"/><doorowner x="159" y="83" z="4" name="Stylez"/><doorowner x="159" y="83" z="4" name="Lewe"/><doorowner x="168" y="82" z="5" name="Stylez"/><doorowner x="168" y="82" z="5" name="Trendz"/><doorowner x="168" y="82" z="5" name="Lewe"/><doorowner x="162" y="76" z="6" name="Rl Uebo"/><doorowner x="162" y="76" z="6" name="Hass"/><doorowner x="158" y="79" z="6" name="Latuzz"/><doorowner x="156" y="83" z="6" name="Lewe"/></house>
