<?xml version="1.0"?>
<house><frontdoor x="193" y="65" z="7"/><owner name="GM Donation"/><subowner name="Pain"/><subowner name="Ryuuzaki"/><subowner name="GM Ryu"/><doorowner x="193" y="65" z="7" name="Kogut"/><doorowner x="193" y="65" z="7" name="Bavve"/><doorowner x="193" y="65" z="7" name="Ganja"/><doorowner x="193" y="65" z="7" name="Boykzer"/><doorowner x="195" y="67" z="7" name="Kogut"/><doorowner x="195" y="67" z="7" name="Bavve"/><doorowner x="195" y="67" z="7" name="Ganja"/><doorowner x="195" y="67" z="7" name="Boykzer"/><doorowner x="194" y="67" z="8" name="Kogut"/><doorowner x="194" y="67" z="8" name="Bavve"/><doorowner x="194" y="67" z="8" name="Ganja"/><doorowner x="194" y="67" z="8" name="Boyzker"/></house>
