<?xml version="1.0"?>
<house><frontdoor x="294" y="263" z="6"/><owner name="GOD Tom"/><subowner name="GM Bannalot"/><subowner name="GM Becks"/><subowner name="GM Nave"/><subowner name="GM Meserai"/><subowner name="GM Ryu"/><guest name="Analritter"/><guest name="Arcmare"/><guest name="Bobbl"/><guest name="Bozz"/><guest name="Bumchakala"/><guest name="Darkrei"/><guest name="Devil"/><guest name="Drix The Slaughterer"/><guest name="Flux"/><guest name="Frost"/><guest name="Lilly"/><guest name="Gabi"/><guest name="Gladiator"/><guest name="Golden Paladin"/><guest name="Holzkopf"/><guest name="Irina Anatolievna"/><guest name="Kaoru "/><guest name="Karapuz"/><guest name="Kyrell"/><guest name="Marshmallon"/><guest name="Midna"/><guest name="Mullis"/><guest name="Nephenee"/><guest name="Omega Eetu Overlordi"/><guest name="Pallaman"/><guest name="Sensemann"/><guest name="Serex"/><guest name="Slayter"/><guest name="Slox"/><guest name="Soulbreaker"/><guest name="Susi"/><guest name="Twixxx"/><guest name="Ugass"/><guest name="Valentine"/><guest name="Vito Carleone"/></house>
