<?xml version="1.0"?>
<house><frontdoor x="621" y="367" z="7"/><owner name="GM Donation"/><subowner name="Electrofaust"/><subowner name="Flycovo"/><guest name="Marshall"/><guest name="Articorzz"/><guest name="Sensemann"/><doorowner x="629" y="365" z="6" name="Sensemann"/><doorowner x="629" y="365" z="6" name="Marshall"/><doorowner x="626" y="368" z="6" name="Sensemann"/><doorowner x="626" y="368" z="6" name="Marshall"/><doorowner x="621" y="367" z="7" name="Sensemann"/><doorowner x="621" y="367" z="7" name="Marshall"/></house>
