<?xml version="1.0"?>
<house><frontdoor x="455" y="289" z="7"/><owner name="GM Donation"/><subowner name="Asterixx"/><guest name="Nathy"/><guest name="Samlock"/><doorowner x="447" y="284" z="6" name="Blaz Zorn"/><doorowner x="447" y="284" z="6" name="Kammerjaeger"/><doorowner x="447" y="284" z="6" name="Osieres"/><doorowner x="447" y="284" z="6" name="Jd lady"/><doorowner x="447" y="289" z="6" name="Blaz Zorn"/><doorowner x="447" y="289" z="6" name="Kammerjaeger"/><doorowner x="447" y="289" z="6" name="Osieres"/><doorowner x="447" y="289" z="6" name="Jd lady"/><doorowner x="447" y="293" z="6" name="Blaz Zorn"/><doorowner x="447" y="293" z="6" name="Kammerjaeger"/><doorowner x="447" y="293" z="6" name="Osieres"/><doorowner x="447" y="293" z="6" name="Jd lady"/><doorowner x="447" y="284" z="7" name="Blaz Zorn"/><doorowner x="447" y="284" z="7" name="Kammerjaeger"/><doorowner x="447" y="284" z="7" name="Osieres"/><doorowner x="447" y="284" z="7" name="Jd lady"/><doorowner x="443" y="289" z="7" name="Blaz Zorn"/><doorowner x="443" y="289" z="7" name="Kammerjaeger"/><doorowner x="443" y="289" z="7" name="Osieres"/><doorowner x="443" y="289" z="7" name="Jd lady"/><doorowner x="447" y="293" z="7" name="Blaz Zorn"/><doorowner x="447" y="293" z="7" name="Kammerjaeger"/><doorowner x="447" y="293" z="7" name="Osieres"/><doorowner x="447" y="293" z="7" name="Jd lady"/></house>
