<?xml version="1.0"?>
<house><frontdoor x="473" y="345" z="7"/><owner name="GM Donation"/><subowner name="Cain"/><guest name="Erno Rosah"/><guest name="Cain"/><guest name="Dulce Lavigne"/><guest name="Rade Myk"/><guest name="Maximum Destructionn"/><guest name="Xaharde"/><guest name="Klossi"/><guest name="Ganja"/><guest name="Fehusin"/><doorowner x="473" y="345" z="7" name="Erno Rosah"/><doorowner x="473" y="345" z="7" name="Cain"/><doorowner x="473" y="345" z="7" name="Dulce Lavigne"/><doorowner x="473" y="345" z="7" name="Rade Myk"/><doorowner x="473" y="345" z="7" name="Maximum Destructionn"/><doorowner x="473" y="345" z="7" name="Klossi"/><doorowner x="473" y="345" z="7" name="Ganja"/><doorowner x="473" y="345" z="7" name="Fehusin"/><doorowner x="469" y="344" z="8" name="Dulce Lavigne"/><doorowner x="469" y="344" z="8" name="Erno Rosah"/><doorowner x="469" y="344" z="8" name="Cain"/><doorowner x="469" y="344" z="8" name="Rhymin"/><doorowner x="469" y="344" z="8" name="Holzkopf"/><doorowner x="469" y="344" z="8" name="Rade Myk"/><doorowner x="469" y="344" z="8" name="Maximum Destructionn"/><doorowner x="469" y="344" z="8" name="Ganja"/><doorowner x="469" y="344" z="8" name="Fehusin"/><doorowner x="469" y="347" z="8" name="Dulce Lavigne"/><doorowner x="469" y="347" z="8" name="Erno Rosah"/><doorowner x="469" y="347" z="8" name="Cain"/><doorowner x="469" y="347" z="8" name="Rhymin"/><doorowner x="469" y="347" z="8" name="Holzkopf"/><doorowner x="469" y="347" z="8" name="Szmuggy"/><doorowner x="469" y="347" z="8" name="Rade Myk"/><doorowner x="469" y="347" z="8" name="Maximum Destructionn"/><doorowner x="469" y="347" z="8" name="Klossi"/><doorowner x="469" y="347" z="8" name="Ganja"/><doorowner x="469" y="347" z="8" name="Fehusin"/></house>
