<?xml version="1.0"?>
<house><frontdoor x="491" y="378" z="7"/><owner name="GM Donation"/><subowner name="Fake Loly"/><subowner name="Kain"/><guest name="Kain"/><doorowner x="497" y="376" z="7" name="Samlock"/><doorowner x="497" y="376" z="7" name="Heini"/><doorowner x="497" y="376" z="7" name="Penner"/><doorowner x="497" y="376" z="7" name="Mike"/><doorowner x="494" y="377" z="7" name="Samlock"/><doorowner x="494" y="377" z="7" name="Heini"/><doorowner x="494" y="377" z="7" name="Penner"/><doorowner x="494" y="377" z="7" name="Mike"/><doorowner x="491" y="378" z="7" name="Samlock"/><doorowner x="491" y="378" z="7" name="Heini"/><doorowner x="491" y="378" z="7" name="Penner"/><doorowner x="491" y="378" z="7" name="Mike"/></house>
