<?xml version="1.0"?>
<house><frontdoor x="603" y="361" z="7"/><owner name="GM Donation"/><subowner name="Marian Zabujca"/><subowner name="Nemezis"/><subowner name="Krawatt"/><subowner name="Josh"/><subowner name="Ziolo Knight"/><subowner name="Fix Zabujca"/><subowner name="Dangerouse Mag"/><guest name="Marian Zabujca"/><guest name="Nemezis"/><guest name="Krawatt"/><guest name="Josh"/><guest name="Ziolo Knight"/><guest name="Fix Zabujca"/><guest name="Dangerouse Mag"/><doorowner x="603" y="366" z="6" name="Dominisia"/><doorowner x="603" y="366" z="6" name="Knight of hogol"/><doorowner x="603" y="365" z="7" name="Knight of hogol"/><doorowner x="603" y="365" z="7" name="Dominisia"/></house>
