<?xml version="1.0"?>
<house><frontdoor x="438" y="269" z="7"/><owner name="GM Donation"/><subowner name="Still Dree"/><subowner name="Extreme Pall"/><subowner name="Angel Nota"/><subowner name="Street Worker"/><subowner name="Shoter"/><subowner name="Tito"/><subowner name="Golden Paladin"/><subowner name="Makeleila"/><subowner name="Stary Mariana"/><subowner name="Destro Devil"/><subowner name="Mountain Dew"/><guest name="Still Dree"/><guest name="Golden Paladin"/><guest name="Extreme Pall"/><guest name="Tito"/><guest name="Zabka"/><guest name="Tryoll flid"/><guest name="Mountain Dew"/><guest name="Mikkusia"/><guest name="Evolution"/><guest name="Kazik Ubek"/><guest name="Sperto"/><guest name="Achilless"/><guest name="Leady Jadzia"/><doorowner x="437" y="269" z="7" name="Virus"/><doorowner x="437" y="269" z="7" name="Mikkusia"/><doorowner x="437" y="269" z="7" name="Evolution"/><doorowner x="437" y="269" z="7" name="Sperto"/></house>
