<?xml version="1.0"?>
<house><frontdoor x="618" y="344" z="7"/><owner name="GM Donation"/><subowner name="Maximum Destructionn"/><subowner name="Kura Knightek"/><guest name="Maximum Destructionn"/><guest name="Kogut"/><doorowner x="622" y="340" z="7" name="Raiden"/><doorowner x="622" y="340" z="7" name="Fortuna"/><doorowner x="622" y="340" z="7" name="Barzky"/><doorowner x="622" y="340" z="7" name="Kallisto"/><doorowner x="622" y="340" z="7" name="The sinking"/><doorowner x="622" y="340" z="7" name="Raiden"/><doorowner x="622" y="340" z="7" name="Labiron"/><doorowner x="622" y="340" z="7" name="Ex Schokokeks"/><doorowner x="622" y="340" z="7" name="Turkish"/><doorowner x="622" y="340" z="7" name="Bahlo"/><doorowner x="622" y="340" z="7" name="kaineq"/><doorowner x="622" y="340" z="7" name="germanpower"/><doorowner x="622" y="340" z="7" name="Cavalinni"/><doorowner x="622" y="340" z="7" name="Julia"/><doorowner x="622" y="340" z="7" name="Nordfrost"/><doorowner x="622" y="340" z="7" name="Bennito Musolini"/><doorowner x="622" y="340" z="7" name="Gabagandalf"/><doorowner x="622" y="340" z="7" name="Kaineq"/><doorowner x="622" y="340" z="7" name="The sinking"/><doorowner x="622" y="340" z="7" name="Hamsta"/><doorowner x="622" y="340" z="7" name="Doregarey"/><doorowner x="622" y="340" z="7" name="Ensiferum"/></house>
