<?xml version="1.0"?>
<house><frontdoor x="528" y="319" z="7"/><owner name="GM Donation"/><guest name="Xane"/><doorowner x="533" y="319" z="7" name="Bitch"/><doorowner x="533" y="319" z="7" name="Four twenty"/><doorowner x="533" y="319" z="7" name="Pzdec polyakam"/><doorowner x="533" y="319" z="7" name="Mary Jane"/><doorowner x="533" y="324" z="7" name="Bitch"/><doorowner x="533" y="324" z="7" name="Four Twenty"/><doorowner x="533" y="324" z="7" name="Mary Jane"/><doorowner x="533" y="324" z="7" name="Pzdec polyakam"/></house>
