<?xml version="1.0"?>
<house><frontdoor x="499" y="331" z="7"/><owner name="GM Donation"/><subowner name="Morfeush"/><guest name="Nemtor"/><guest name="Balaxxxx"/><guest name="Balax"/><doorowner x="507" y="331" z="5" name="Synoptic"/><doorowner x="507" y="331" z="5" name="Charger"/><doorowner x="507" y="331" z="5" name="Ronan"/><doorowner x="507" y="331" z="5" name="Ripe kimos"/><doorowner x="507" y="331" z="5" name="Cheese Puff"/><doorowner x="507" y="331" z="6" name="Synoptic"/><doorowner x="507" y="331" z="6" name="Charger"/><doorowner x="507" y="331" z="6" name="Ronan"/><doorowner x="504" y="332" z="6" name="Water Only"/><doorowner x="504" y="332" z="6" name="Chamillionaire"/><doorowner x="503" y="329" z="7" name="Synoptic"/><doorowner x="503" y="329" z="7" name="Charger"/><doorowner x="503" y="329" z="7" name="Ronan"/></house>
