<?xml version="1.0"?>
<house><frontdoor x="430" y="314" z="7"/><owner name="GM Donation"/><subowner name="Kevka"/><doorowner x="433" y="316" z="5" name="Kammerjaeger"/><doorowner x="433" y="316" z="6" name="Melentius"/><doorowner x="433" y="316" z="6" name="Hadijian"/><doorowner x="433" y="316" z="6" name="Kammerjaeger"/><doorowner x="433" y="319" z="6" name="Melentius"/><doorowner x="433" y="319" z="6" name="Hadijian"/><doorowner x="433" y="319" z="6" name="Kammerjaeger"/><doorowner x="435" y="318" z="7" name="Melentius"/><doorowner x="435" y="318" z="7" name="Hadijian"/><doorowner x="435" y="318" z="7" name="Kammerjaeger"/><doorowner x="430" y="320" z="7" name="Melentius"/><doorowner x="430" y="320" z="7" name="Hadijian"/><doorowner x="430" y="320" z="7" name="Kammerjaeger"/><doorowner x="430" y="320" z="7" name="Jd lady"/></house>
