<?xml version="1.0"?>
<house><frontdoor x="231" y="140" z="7"/><owner name="GM Donation"/><guest name="Qnoo"/><guest name="Pakslaag"/><guest name="Lekker Kontje"/><doorowner x="231" y="130" z="7" name="Qnoo"/><doorowner x="231" y="130" z="7" name="Timber"/><doorowner x="231" y="130" z="7" name="Pakslaag"/><doorowner x="231" y="130" z="7" name="Lekker Kontje"/><doorowner x="231" y="140" z="7" name="Qnoo"/><doorowner x="231" y="140" z="7" name="Pakslaag"/><doorowner x="231" y="140" z="7" name="Lekker Kontje"/></house>
