<?xml version="1.0"?>
<house><frontdoor x="202" y="161" z="7"/><owner name="GM Donation"/><subowner name="Soulbreaker"/><subowner name="Mulliss"/><guest name="Susi"/><guest name="Besen"/><guest name="Umler"/><guest name="Semale de fo"/><guest name="Magic Knight"/><guest name="Mulliss"/><doorowner x="202" y="153" z="7" name="Umler"/><doorowner x="202" y="153" z="7" name="Besen"/><doorowner x="202" y="153" z="7" name="Semale de fo"/><doorowner x="204" y="157" z="7" name="Umler"/><doorowner x="204" y="157" z="7" name="Besen"/><doorowner x="204" y="157" z="7" name="Semale de fo"/><doorowner x="202" y="161" z="7" name="Susi"/><doorowner x="202" y="161" z="7" name="Umler"/><doorowner x="202" y="161" z="7" name="Besen"/><doorowner x="202" y="161" z="7" name="Semale de fo"/><doorowner x="202" y="165" z="7" name="Umler"/><doorowner x="202" y="165" z="7" name="Besen"/><doorowner x="202" y="165" z="7" name="Semale de fo"/><doorowner x="205" y="166" z="7" name="Umler"/><doorowner x="205" y="166" z="7" name="Besen"/><doorowner x="205" y="166" z="7" name="Semale de fo"/></house>
