<?xml version="1.0"?>
<house><frontdoor x="210" y="325" z="7"/><owner name="GM Donation"/><doorowner x="208" y="327" z="6" name="Al Catraz"/><doorowner x="212" y="328" z="6" name="Al Catraz"/><doorowner x="213" y="330" z="6" name="Xane"/><doorowner x="207" y="332" z="6" name="Tyrant the slayer"/><doorowner x="207" y="332" z="6" name="Fotzenklopfer"/><doorowner x="207" y="332" z="6" name="Thorin Eichenschild"/><doorowner x="207" y="332" z="6" name="Xane"/><doorowner x="207" y="332" z="6" name="Al Catraz"/><doorowner x="208" y="327" z="7" name="Al Catraz"/><doorowner x="210" y="328" z="7" name="Tyrant the slayer"/><doorowner x="210" y="328" z="7" name="Fotzenklopfer"/><doorowner x="210" y="328" z="7" name="Thorin Eichenschild"/><doorowner x="210" y="328" z="7" name="Al Catraz"/><doorowner x="210" y="328" z="7" name="Xane"/><doorowner x="210" y="328" z="7" name="Creatives"/><doorowner x="213" y="330" z="7" name="Thorin Eichenschild"/><doorowner x="208" y="332" z="7" name="Creatives"/><doorowner x="216" y="335" z="7" name="Thorin Eichenschild"/></house>
