<?xml version="1.0"?>
<house><frontdoor x="321" y="214" z="7"/><owner name="GM Donation"/><doorowner x="317" y="197" z="7" name="Xelion"/><doorowner x="317" y="197" z="7" name="Loly"/><doorowner x="317" y="197" z="7" name="Skye Carind"/><doorowner x="317" y="197" z="7" name="Kelox"/><doorowner x="317" y="197" z="7" name="Willi"/><doorowner x="317" y="197" z="7" name="Loly"/><doorowner x="317" y="197" z="7" name="Skye Carind"/><doorowner x="317" y="197" z="7" name="Xelion"/><doorowner x="317" y="197" z="7" name="Kelox"/><doorowner x="317" y="197" z="7" name="Buena Vista"/><doorowner x="317" y="197" z="7" name="Andrea"/><doorowner x="317" y="197" z="7" name="Frinx"/><doorowner x="317" y="197" z="7" name="Vitor Knight"/><doorowner x="317" y="197" z="7" name="Andrea"/><doorowner x="317" y="197" z="7" name="Frinx"/><doorowner x="317" y="197" z="7" name="Morvis"/><doorowner x="317" y="197" z="7" name="Sloxter"/><doorowner x="317" y="197" z="7" name="Masakrowiec"/><doorowner x="317" y="197" z="7" name="Ninja Revenge"/><doorowner x="317" y="197" z="7" name="Dosenbier"/><doorowner x="317" y="197" z="7" name="Morvis"/><doorowner x="317" y="197" z="7" name="Andrea"/><doorowner x="317" y="197" z="7" name="Frinx"/><doorowner x="317" y="197" z="7" name="Morvis"/><doorowner x="317" y="197" z="7" name="Sloxter"/><doorowner x="317" y="197" z="7" name="Masakrowiec"/><doorowner x="317" y="197" z="7" name="Revenge"/><doorowner x="317" y="197" z="7" name="Slipknot"/><doorowner x="317" y="197" z="7" name="Dosenbier"/><doorowner x="317" y="197" z="7" name="Honk"/><doorowner x="317" y="197" z="7" name="Coca Cola"/><doorowner x="317" y="197" z="7" name="Lord Alister"/><doorowner x="317" y="197" z="7" name="Suicide Char"/><doorowner x="317" y="197" z="7" name="Mezzo Mix"/><doorowner x="317" y="197" z="7" name="Xelion"/><doorowner x="317" y="197" z="7" name="Xabora"/><doorowner x="317" y="197" z="7" name="Snickers Rider"/><doorowner x="317" y="197" z="7" name="Mudwayne"/><doorowner x="317" y="197" z="7" name="Rulebreaker"/><doorowner x="317" y="197" z="7" name="Yankie"/><doorowner x="318" y="207" z="7" name="Kelox"/><doorowner x="318" y="207" z="7" name="Willi"/><doorowner x="318" y="207" z="7" name="Loly"/><doorowner x="318" y="207" z="7" name="Skye Carind"/><doorowner x="318" y="207" z="7" name="Xelion"/><doorowner x="318" y="207" z="7" name="Kelox"/><doorowner x="318" y="207" z="7" name="Willi"/><doorowner x="318" y="207" z="7" name="Loly"/><doorowner x="318" y="207" z="7" name="Skye Carind"/><doorowner x="318" y="207" z="7" name="Xelion"/><doorowner x="318" y="207" z="7" name="Kelox"/><doorowner x="318" y="207" z="7" name="Andrea"/><doorowner x="318" y="207" z="7" name="Frinx"/><doorowner x="318" y="207" z="7" name="Andrea"/><doorowner x="318" y="207" z="7" name="Frinx"/><doorowner x="318" y="207" z="7" name="Morvis"/><doorowner x="318" y="207" z="7" name="Sloxter"/><doorowner x="318" y="207" z="7" name="Masakrowiec"/><doorowner x="318" y="207" z="7" name="Revenge"/><doorowner x="318" y="207" z="7" name="Slipknot"/><doorowner x="318" y="207" z="7" name="Dosenbier"/><doorowner x="318" y="207" z="7" name="Honk"/><doorowner x="318" y="207" z="7" name="Coca Cola"/><doorowner x="318" y="207" z="7" name="Lord Alister"/><doorowner x="318" y="207" z="7" name="Suicide Char"/><doorowner x="318" y="207" z="7" name="Mezzo Mix"/><doorowner x="318" y="207" z="7" name="Dosenbier"/><doorowner x="318" y="207" z="7" name="Morvis"/><doorowner x="318" y="207" z="7" name="Andrea"/><doorowner x="318" y="207" z="7" name="Frinx"/><doorowner x="318" y="207" z="7" name="Morvis"/><doorowner x="318" y="207" z="7" name="Sloxter"/><doorowner x="318" y="207" z="7" name="Masakrowiec"/><doorowner x="318" y="207" z="7" name="Revenge"/><doorowner x="318" y="207" z="7" name="Slipknot"/><doorowner x="318" y="207" z="7" name="Dosenbier"/><doorowner x="318" y="207" z="7" name="Honk"/><doorowner x="318" y="207" z="7" name="Coca Cola"/><doorowner x="318" y="207" z="7" name="Lord Alister"/><doorowner x="318" y="207" z="7" name="Suicide Char"/><doorowner x="318" y="207" z="7" name="Mezzo Mix"/><doorowner x="318" y="207" z="7" name="Xelion"/><doorowner x="318" y="207" z="7" name="Xabora"/><doorowner x="318" y="207" z="7" name="Snickers Rider"/><doorowner x="318" y="207" z="7" name="Mudwayne"/><doorowner x="318" y="207" z="7" name="Rulebreaker"/><doorowner x="318" y="207" z="7" name="Yankie"/><doorowner x="321" y="214" z="7" name="Andrea"/><doorowner x="321" y="214" z="7" name="Frinx"/><doorowner x="321" y="214" z="7" name="Morvis"/><doorowner x="321" y="214" z="7" name="Sloxter"/><doorowner x="321" y="214" z="7" name="Masakrowiec"/><doorowner x="321" y="214" z="7" name="Dosenbier"/><doorowner x="321" y="214" z="7" name="Morvis"/><doorowner x="321" y="214" z="7" name="Andrea"/><doorowner x="321" y="214" z="7" name="Frinx"/><doorowner x="321" y="214" z="7" name="Morvis"/><doorowner x="321" y="214" z="7" name="Sloxter"/><doorowner x="321" y="214" z="7" name="Masakrowiec"/><doorowner x="321" y="214" z="7" name="Revenge"/><doorowner x="321" y="214" z="7" name="Slipknot"/><doorowner x="321" y="214" z="7" name="Dosenbier"/><doorowner x="321" y="214" z="7" name="Honk"/><doorowner x="321" y="214" z="7" name="Coca Cola"/><doorowner x="321" y="214" z="7" name="Lord Alister"/><doorowner x="321" y="214" z="7" name="Suicide Char"/><doorowner x="321" y="214" z="7" name="Mezzo Mix"/><doorowner x="321" y="214" z="7" name="Xelion"/><doorowner x="321" y="214" z="7" name="Xabora"/><doorowner x="321" y="214" z="7" name="Snickers Rider"/><doorowner x="321" y="214" z="7" name="Mudwayne"/><doorowner x="321" y="214" z="7" name="Rulebreaker"/><doorowner x="321" y="214" z="7" name="Yankie"/></house>
