<?xml version="1.0"?>
<house><frontdoor x="242" y="429" z="7"/><owner name="GM Donation"/><doorowner x="227" y="431" z="5" name="Paladin Bomber"/><doorowner x="227" y="431" z="5" name="Kura Knightek"/><doorowner x="227" y="431" z="5" name="Cora"/><doorowner x="227" y="431" z="5" name="Tony Montana"/><doorowner x="227" y="431" z="5" name="Articorzz"/><doorowner x="225" y="433" z="6" name="Paladin Bomber"/><doorowner x="225" y="433" z="6" name="Kura Knightek"/><doorowner x="225" y="433" z="6" name="Cora"/><doorowner x="225" y="433" z="6" name="Tony Montana"/><doorowner x="225" y="433" z="6" name="Articorzz"/><doorowner x="227" y="433" z="6" name="Tony Montana"/><doorowner x="227" y="433" z="6" name="Cora"/><doorowner x="227" y="433" z="6" name="Kura Knightek"/><doorowner x="227" y="433" z="6" name="Paladin Bomber"/><doorowner x="227" y="433" z="6" name="Articorzz"/><doorowner x="226" y="434" z="6" name="Cora"/><doorowner x="226" y="434" z="6" name="Kura Knightek"/><doorowner x="226" y="434" z="6" name="Paladin Bomber"/><doorowner x="226" y="434" z="6" name="Tony Montana"/><doorowner x="232" y="424" z="7" name="Paladin Bomber"/><doorowner x="232" y="424" z="7" name="Kura Knightek"/><doorowner x="232" y="424" z="7" name="Cora"/><doorowner x="232" y="424" z="7" name="Tony Montana"/><doorowner x="242" y="429" z="7" name="Paladin Bomber"/><doorowner x="242" y="429" z="7" name="Tony Montana"/><doorowner x="242" y="429" z="7" name="Cora"/><doorowner x="230" y="431" z="7" name="Paladin Bomber"/><doorowner x="230" y="431" z="7" name="Kura Knightek"/><doorowner x="230" y="431" z="7" name="Cora"/><doorowner x="230" y="431" z="7" name="Tony Montana"/><doorowner x="230" y="431" z="7" name="Articorzz"/><doorowner x="226" y="434" z="7" name="Paladin Bomber"/><doorowner x="226" y="434" z="7" name="Kura Knightek"/><doorowner x="226" y="434" z="7" name="Cora"/><doorowner x="226" y="434" z="7" name="Tony Montana"/><doorowner x="226" y="434" z="7" name="Articorzz"/><doorowner x="227" y="434" z="7" name="Paladin Bomber"/><doorowner x="227" y="434" z="7" name="Kura Knightek"/><doorowner x="227" y="434" z="7" name="Cora"/><doorowner x="227" y="434" z="7" name="Articorzz"/><doorowner x="221" y="435" z="7" name="Paladin Bomber"/><doorowner x="221" y="435" z="7" name="Kura Knightek"/><doorowner x="221" y="435" z="7" name="Cora"/><doorowner x="221" y="435" z="7" name="Tony Montana"/><doorowner x="231" y="435" z="7" name="Paladin Bomber"/><doorowner x="231" y="435" z="7" name="Kura Knightek"/><doorowner x="231" y="435" z="7" name="Cora"/><doorowner x="231" y="435" z="7" name="Tony Montana"/><doorowner x="231" y="435" z="7" name="Articorzz"/></house>
