<?xml version="1.0"?>
<house><frontdoor x="111" y="432" z="7"/><owner name="GM Donation"/><guest name="Magistress"/><guest name="Critit"/><guest name="Magister"/><guest name="Oneshotonekill"/><guest name="Figurenine"/><guest name="Whiteskull"/><doorowner x="111" y="432" z="7" name="Magistress"/><doorowner x="111" y="432" z="7" name="Oneshotonekill"/><doorowner x="111" y="432" z="7" name="Figurenine"/><doorowner x="111" y="432" z="7" name="Critit"/><doorowner x="111" y="432" z="7" name="Magister"/><doorowner x="111" y="432" z="7" name="Whiteskull"/></house>
