<?xml version="1.0"?>
<!-- commands are described in readme.txt -->

<commands>

<command cmd="/a"			access="3" />
<command cmd="/B"			access="1" />
<command cmd="/b"			access="3" />
<command cmd="/c"			access="3" />
<command cmd="/i"			access="9" />
<command cmd="/m"			access="3" />
<command cmd="/q"			access="8" />
<command cmd="/reload"		access="6" />
<command cmd="/s"			access="8" />
<command cmd="/t"			access="2" />
<command cmd="/z"			access="2" />
<command cmd="/goto"		access="3" />
<command cmd="/info"		access="2" />
<command cmd="/closeserver"	access="8" />
<command cmd="/openserver"	access="8" />
<command cmd="/summon"		access="3" />
<command cmd="/kick"		access="3" />
<command cmd="/getonline"		access="3" />
<command cmd="/addskill"		access="3" />
<command cmd="/afkcheck"		access="3" />
<command cmd="/bc"		access="1" />
<command cmd="/checkall"		access="3" />
<command cmd="/fullanon"		access="4" />
<command cmd="/nbc"		access="4" />
<command cmd="/raid"		access="5" />
<command cmd="/tp"		access="5" />
<command cmd="/unban"		access="5" />

<command cmd="/up"			access="3" />
<command cmd="/down"		access="3" />
<command cmd="/invisible"	access="3" />
<command cmd="/owner"		access="3" />
<command cmd="/send"		access="3" />
<command cmd="/pvp"			access="10" />
<command cmd="/ban"			access="3" />
<command cmd="/save"		access="3" />
<command cmd="/pos"			access="1" />
<command cmd="/shutdown"	access="6" />
<command cmd="/max"			access="10" />
<command cmd="/clean"		access="5" />
<command cmd="/premmy"		access="10" />
<command cmd="/promote"		access="10" />

<command cmd="!exp"			access="0" />
<command cmd="!mana"		access="0" />
<command cmd="!report"		access="0" />
<command cmd="!online"		access="0" />
<command cmd="!house"		access="0" />
<command cmd="!frags"		access="0" />
<command cmd="!uptime"		access="0" />
<command cmd="!premmy"		access="0" />
<command cmd="!notafk"		access="0" />
</commands>