<?xml version="1.0"?>
<guilds><guild name="Stars of Pact"/><guild name="tiny waste"/><guild name="Green Legion"/><guild name="Flashers"/><guild name="Valled Aoste"/><guild name="Demonic Loyal Brother"/><guild name="Always Alone"/><guild name="Home Alone"/><guild name="Valle Aoste"/><guild name="CraYZole"/><guild name="Decessus"><member status="4" name="Karapuz" rank="Elite Blocker" nick=""/><member status="2" name="Kelox" rank="Elite Blocker" nick="Ncmwm"/><member status="2" name="Elder Whater Knight" rank="Elite Blocker" nick="Blokk Monsta"/><member status="1" name="Astonis" rank="Elite Blocker" nick=""/><member status="2" name="Bloodrevenge" rank="Elite Blocker" nick=""/><member status="2" name="Pallaman" rank="Hunting Spear" nick=""/><member status="2" name="Valentine" rank="Elite Blocker" nick=""/></guild><guild name="Time to die"/><guild name="g-unit of DiE"/><guild name="ElectroDance Team"/><guild name="Guild OF Mages"/><guild name="Killing Spree"/><guild name="Royal Gangsters"/><guild name="Rainbow Guild"/><guild name="yes"/><guild name="Born in USSR"/><guild name="Terror Squad"/><guild name="Djihad"><member status="4" name="Flux" rank="War Pig" nick="Allahu akbar"/><member status="2" name="Bobbl" rank="Baytu lahh" nick="Allahu akbar"/><member status="2" name="Gabi" rank="Dead Aim" nick="Allahu akbar"/><member status="2" name="Rova Nainok" rank="Emperor" nick="Allahu akbar"/><member status="2" name="Analritter" rank="Battledancer" nick="Allahu akbar"/><member status="2" name="Slayter" rank="Duke" nick="Allahu akbar"/></guild><guild name="GSE Holigans"/><guild name="utani hur"/><guild name="Lamberostom"/><guild name="Valed Aoste"/><guild name="Bulletproof "/><guild name="Masterproof"/><guild name="Slowakia Never Fear"/><guild name="Bulletproof"/><guild name="Red Army"/><guild name="Polska Army"/><guild name="exevo fungus"/><guild name="Night Hunters"/><guild name="Chyba cie "/><guild name="Skarland Guild the best"/><guild name="Ensidia"><member status="4" name="Lilly" rank="Leader" nick=""/><member status="2" name="Diipsy" rank="Acolyte" nick=""/><member status="1" name="Emhyr Var Emreis" rank="Bownoob" nick=""/><member status="2" name="Emhyr var Emreis" rank="Bownoob" nick=""/><member status="2" name="Slox" rank="Tank" nick=""/><member status="2" name="Miss Lisa" rank="Tank" nick=""/></guild><guild name="ClimaWarms"/><guild name="exura vita"/><guild name="KILLING FREE"/><guild name="Teh Hard Way"/><guild name="pietruszka"/><guild name="DonGuralesko"/><guild name="Unholy Revenge"/><guild name="Adam Malysz Of Ahonen"/><guild name="Imprezowicze Energizer"/><guild name="Imprezowicze Energizzer"/><guild name="Imprezowicze Energizzzzer"/><guild name="hje"/><guild name="DonGURALEsko"/><guild name="1331"/><guild name="Hali Anti"/><guild name="McGuess Family"/><guild name="Mushroms"/><guild name="Retards"/><guild name="Dies Irae"/><guild name="Ownage"><member status="4" name="Zott" rank="Assassin" nick=""/><member status="2" name="Moph" rank="Hunter" nick="Memento Mori"/><member status="2" name="Xull" rank="Warrior" nick=""/><member status="2" name="Jiraiya" rank="Warrior" nick=""/><member status="2" name="Chilout" rank="Hunter" nick="Pussy Pussy"/><member status="1" name="waste" rank="Henio" nick=""/><member status="2" name="Henio" rank="Warrior" nick=""/><member status="2" name="Ninja Zott" rank="Warrior" nick=""/></guild><guild name="teh Hard Way"><member status="4" name="Arcwar" rank="Senator" nick="Tonkan"/><member status="2" name="Ottomaan" rank="Killing Machine" nick=""/><member status="1" name="Arcmare" rank="Killing Machine" nick="Arcwon"/></guild><guild name="PoWeR RaNgErS"/><guild name="Polska Gildi"/><guild name="Classic Crime"/><guild name="Unholy Confession"><member status="4" name="Latuzz" rank="Boss" nick="Latuzz is Back"/><member status="1" name="Sahudy" rank="Elite Blocker" nick=""/></guild><guild name="World Domination"/></guilds>
