<?xml version="1.0"?>
<houseitems><tile x="140" y="48" z="7"><item id="2596"/><item id="1869"/><item id="2515"/></tile><tile x="140" y="49" z="7"><item id="2148" count="78"/></tile><tile x="141" y="48" z="7"><item id="1987"/></tile><tile x="141" y="49" z="7"><item id="3059" special_description="a dead human (Vol:8).You recognize Soulbreaker. He was killed by Traha"/><item id="2455"/></tile><tile x="142" y="48" z="7"><item id="1988"/><item id="2051"/></tile><tile x="143" y="47" z="7"><item id="1987"><inside><item id="2120"/></inside></item></tile><tile x="143" y="48" z="7"><item id="2436"/><item id="1988"><inside><item id="2273" count="100"/><item id="2273" count="100"/><item id="2273" count="100"/><item id="2273" count="100"/><item id="2273" count="5"/><item id="2148" count="75"/><item id="2152" count="19"/><item id="1988"><inside><item id="2672" count="2"/></inside></item></inside></item><item id="2643"/></tile><tile x="144" y="47" z="7"><item id="1987"/></tile><tile x="144" y="48" z="7"><item id="1988"/><item id="3059" special_description="a dead human (Vol:8).You recognize Xenofobicaa. He was killed by Makolka"/><item id="2467"/></tile><tile x="145" y="47" z="7"><item id="1988"><inside><item id="2273" count="100"/><item id="2273" count="100"/><item id="2273" count="65"/><item id="2273" count="100"/><item id="2273" count="100"/><item id="2273" count="100"/></inside></item><item id="1739"/></tile><tile x="145" y="48" z="7"><item id="1988"/><item id="2475"/><item id="2476"/><item id="2268" count="100"/><item id="2392"/><item id="1988"/><item id="3060"/><item id="3058" special_description="a dead human (Vol:8).You recognize Tambi. He was killed by Osatorek"/><item id="2229" count="1"/></tile><tile x="162" y="39" z="7"><item id="3058" special_description="a dead human (Vol:8).You recognize Besterix mag. He was killed by Woffnakk"><inside><item id="1988"><inside><item id="2260"/><item id="2260"/><item id="2260"/><item id="2260"/><item id="2260"/><item id="2260"/><item id="2260"/><item id="2260"/><item id="2260"/><item id="2260"/><item id="2260"/><item id="2260"/><item id="2260"/><item id="2260"/><item id="2260"/><item id="2273" count="100"/><item id="2273" count="100"/><item id="2273" count="100"/></inside></item><item id="2656"/></inside></item></tile><tile x="175" y="55" z="7"><item id="2595"/></tile><tile x="176" y="55" z="7"><item id="2547" count="1"/></tile><tile x="176" y="56" z="7"><item id="2148" count="36"/></tile><tile x="172" y="37" z="7"><item id="1987"><inside><item id="2273" count="78"/><item id="2273" count="100"/><item id="2273" count="14"/></inside></item><item id="1988"/></tile><tile x="172" y="40" z="7"><item id="2152" count="18"/></tile><tile x="173" y="37" z="7"><item id="2497"/><item id="1988"/></tile><tile x="177" y="39" z="7"><item id="2741"/><item id="2741"/><item id="2741"/><item id="2741"/><item id="2741"/><item id="2741"/><item id="2741"/><item id="2741"/><item id="2741"/><item id="2741"/><item id="2741"/><item id="2741"/><item id="2741"/><item id="2741"/><item id="2741"/><item id="2741"/><item id="2741"/><item id="2741"/><item id="2741"/><item id="2741"/><item id="2741"/><item id="2741"/><item id="2741"/><item id="2741"/><item id="2741"/><item id="2741"/><item id="2741"/><item id="2741"/><item id="2741"/><item id="2741"/><item id="2741"/><item id="2741"/><item id="2741"/><item id="2741"/><item id="2741"/><item id="2741"/><item id="2741"/><item id="2741"/><item id="2741"/><item id="2741"/><item id="2741"/><item id="2741"/><item id="2741"/><item id="2741"/><item id="2741"/><item id="2741"/><item id="2741"/><item id="2741"/><item id="2741"/><item id="2741"/><item id="2741"/><item id="2741"/><item id="2741"/><item id="2741"/><item id="2741"/><item id="2741"/><item id="2741"/><item id="2741"/><item id="2741"/><item id="2741"/><item id="2741"/><item id="2741"/><item id="2741"/><item id="2741"/><item id="2741"/><item id="2741"/><item id="2741"/><item id="2741"/><item id="2741"/><item id="2741"/><item id="2741"/><item id="2741"/><item id="2741"/><item id="2741"/><item id="2741"/><item id="2741"/><item id="2741"/><item id="2741"/><item id="2741"/><item id="2741"/><item id="2741"/><item id="2741"/><item id="2741"/><item id="2741"/><item id="2741"/><item id="2741"/><item id="2741"/><item id="2741"/><item id="2741"/><item id="2741"/><item id="2741"/><item id="2741"/><item id="2741"/><item id="2741"/><item id="2741"/></tile><tile x="181" y="35" z="7"><item id="2741"/><item id="2741"/><item id="2741"/><item id="2741"/><item id="2741"/><item id="2741"/><item id="2741"/><item id="2741"/><item id="2741"/><item id="2741"/><item id="2741"/><item id="2741"/><item id="2741"/><item id="2741"/><item id="2741"/><item id="2741"/><item id="2741"/><item id="2741"/><item id="2741"/><item id="2741"/><item id="2741"/><item id="2741"/><item id="2741"/><item id="2741"/><item id="2741"/><item id="2741"/><item id="2741"/><item id="2741"/><item id="2741"/><item id="2741"/><item id="2741"/><item id="2741"/><item id="2741"/><item id="2741"/><item id="2741"/><item id="2741"/><item id="2741"/><item id="2741"/><item id="2741"/><item id="2741"/><item id="2741"/><item id="2741"/><item id="2741"/><item id="2741"/><item id="2741"/><item id="2741"/><item id="2741"/><item id="2741"/><item id="2741"/><item id="2741"/><item id="2741"/><item id="2741"/><item id="2741"/><item id="2741"/><item id="2741"/><item id="2741"/><item id="2741"/><item id="2741"/><item id="2741"/><item id="2741"/><item id="2741"/><item id="2741"/><item id="2741"/><item id="2741"/><item id="2741"/><item id="2741"/><item id="2741"/><item id="2741"/><item id="2741"/><item id="2741"/><item id="2741"/><item id="2741"/><item id="2741"/><item id="2741"/><item id="2741"/><item id="2741"/><item id="2741"/><item id="2741"/><item id="2741"/><item id="2741"/><item id="2741"/><item id="2741"/><item id="2741"/><item id="2741"/><item id="2741"/><item id="2741"/><item id="2741"/><item id="2741"/><item id="2741"/><item id="2741"/><item id="2741"/><item id="2741"/><item id="2741"/><item id="2741"/><item id="2741"/></tile><tile x="190" y="53" z="7"><item id="2216"/></tile><tile x="174" y="46" z="6"><item id="1738"/><item id="2676" count="10"/></tile><tile x="174" y="47" z="6"><item id="1738"/><item id="2798" count="1"/></tile><tile x="174" y="48" z="6"><item id="1738"/><item id="2676" count="10"/></tile><tile x="174" y="49" z="6"><item id="1738"/><item id="2798" count="1"/></tile><tile x="174" y="50" z="6"><item id="1738"/><item id="2676" count="9"/><item id="2159" count="1"/></tile><tile x="174" y="51" z="6"><item id="1738"/><item id="2798" count="1"/></tile><tile x="174" y="52" z="6"><item id="1738"/><item id="2676" count="5"/><item id="2159" count="1"/></tile><tile x="174" y="53" z="6"><item id="1738"/><item id="2798" count="1"/></tile><tile x="174" y="54" z="6"><item id="1738"/><item id="2676" count="10"/><item id="2159" count="1"/></tile><tile x="174" y="55" z="6"><item id="1738"/><item id="2798" count="1"/></tile><tile x="175" y="46" z="6"><item id="1738"/><item id="2798" count="1"/></tile><tile x="175" y="47" z="6"><item id="1685"/></tile><tile x="175" y="48" z="6"><item id="1685"/></tile><tile x="175" y="49" z="6"><item id="1685"/></tile><tile x="175" y="50" z="6"><item id="1685"/></tile><tile x="175" y="51" z="6"><item id="1685"/></tile><tile x="175" y="52" z="6"><item id="1685"/></tile><tile x="175" y="53" z="6"><item id="1685"/></tile><tile x="175" y="54" z="6"><item id="1685"/></tile><tile x="175" y="55" z="6"><item id="1685"/></tile><tile x="176" y="46" z="6"><item id="1738"/><item id="2676" count="10"/></tile><tile x="176" y="47" z="6"><item id="1685"/></tile><tile x="176" y="48" z="6"><item id="1685"/></tile><tile x="176" y="49" z="6"><item id="1685"/></tile><tile x="176" y="50" z="6"><item id="1685"/></tile><tile x="176" y="51" z="6"><item id="1685"/></tile><tile x="176" y="52" z="6"><item id="1685"/></tile><tile x="176" y="53" z="6"><item id="1685"/></tile><tile x="176" y="54" z="6"><item id="1685"/></tile><tile x="176" y="55" z="6"><item id="1685"/></tile><tile x="177" y="46" z="6"><item id="1738"/><item id="2798" count="2"/></tile><tile x="177" y="47" z="6"><item id="1685"/></tile><tile x="177" y="48" z="6"><item id="1685"/></tile><tile x="177" y="53" z="6"><item id="1685"/></tile><tile x="177" y="54" z="6"><item id="1685"/></tile><tile x="178" y="46" z="6"><item id="1738"/><item id="2676" count="10"/></tile><tile x="178" y="47" z="6"><item id="1685"/></tile><tile x="178" y="48" z="6"><item id="1685"/></tile><tile x="178" y="50" z="6"><item id="1685"/></tile><tile x="178" y="51" z="6"><item id="1685"/></tile><tile x="178" y="52" z="6"><item id="1685"/></tile><tile x="178" y="53" z="6"><item id="1685"/></tile><tile x="178" y="54" z="6"><item id="1685"/></tile><tile x="178" y="55" z="6"><item id="1685"/></tile><tile x="179" y="46" z="6"><item id="1738"/><item id="2789" count="100"/><item id="2798" count="1"/></tile><tile x="179" y="47" z="6"><item id="1685"/></tile><tile x="179" y="48" z="6"><item id="1685"/></tile><tile x="179" y="50" z="6"><item id="1685"/></tile><tile x="179" y="51" z="6"><item id="1685"/></tile><tile x="179" y="52" z="6"><item id="1685"/></tile><tile x="179" y="53" z="6"><item id="1685"/></tile><tile x="179" y="54" z="6"><item id="1685"/></tile><tile x="179" y="55" z="6"><item id="1685"/></tile><tile x="180" y="46" z="6"><item id="1738"/><item id="2676" count="10"/></tile><tile x="180" y="47" z="6"><item id="1685"/></tile><tile x="180" y="48" z="6"><item id="1685"/></tile><tile x="180" y="50" z="6"><item id="1685"/></tile><tile x="180" y="51" z="6"><item id="1685"/></tile><tile x="180" y="52" z="6"><item id="1685"/></tile><tile x="180" y="53" z="6"><item id="1685"/></tile><tile x="180" y="54" z="6"><item id="1685"/></tile><tile x="180" y="55" z="6"><item id="1685"/></tile><tile x="181" y="46" z="6"><item id="1738"/><item id="2789" count="50"/><item id="2798" count="1"/></tile><tile x="181" y="47" z="6"><item id="1685"/></tile><tile x="181" y="48" z="6"><item id="1685"/></tile><tile x="181" y="50" z="6"><item id="1685"/></tile><tile x="181" y="51" z="6"><item id="1685"/></tile><tile x="181" y="52" z="6"><item id="1685"/></tile><tile x="181" y="53" z="6"><item id="1685"/></tile><tile x="181" y="54" z="6"><item id="1685"/></tile><tile x="181" y="55" z="6"><item id="1685"/></tile><tile x="182" y="46" z="6"><item id="1738"/><item id="2676" count="10"/></tile><tile x="182" y="47" z="6"><item id="1685"/></tile><tile x="182" y="48" z="6"><item id="1685"/></tile><tile x="182" y="49" z="6"><item id="1685"/></tile><tile x="182" y="50" z="6"><item id="1685"/></tile><tile x="182" y="51" z="6"><item id="1685"/></tile><tile x="182" y="52" z="6"><item id="1685"/></tile><tile x="182" y="53" z="6"><item id="1685"/></tile><tile x="182" y="54" z="6"><item id="1685"/></tile><tile x="182" y="55" z="6"><item id="1685"/></tile><tile x="183" y="46" z="6"><item id="1738"/><item id="2789" count="50"/><item id="2798" count="1"/></tile><tile x="183" y="47" z="6"><item id="1685"/></tile><tile x="183" y="48" z="6"><item id="1685"/></tile><tile x="183" y="49" z="6"><item id="1685"/></tile><tile x="183" y="50" z="6"><item id="1685"/></tile><tile x="183" y="51" z="6"><item id="1685"/></tile><tile x="183" y="52" z="6"><item id="1685"/></tile><tile x="184" y="46" z="6"><item id="1738"/><item id="2676" count="10"/></tile><tile x="184" y="47" z="6"><item id="1685"/></tile><tile x="184" y="48" z="6"><item id="1685"/></tile><tile x="184" y="50" z="6"><item id="1685"/></tile><tile x="184" y="51" z="6"><item id="1685"/></tile><tile x="184" y="52" z="6"><item id="1685"/></tile><tile x="185" y="46" z="6"><item id="1738"/><item id="2789" count="100"/><item id="2798" count="1"/></tile><tile x="185" y="47" z="6"><item id="1685"/></tile><tile x="185" y="48" z="6"><item id="1685"/></tile><tile x="185" y="51" z="6"><item id="1685"/></tile><tile x="185" y="52" z="6"><item id="1685"/></tile><tile x="124" y="110" z="7"><item id="2741"/><item id="2741"/><item id="2741"/><item id="2741"/><item id="2741"/><item id="2741"/><item id="2741"/><item id="2741"/><item id="2741"/><item id="2741"/><item id="2741"/><item id="2741"/><item id="2741"/><item id="2741"/><item id="2741"/><item id="2741"/><item id="2741"/><item id="2741"/><item id="2741"/><item id="2741"/><item id="2741"/><item id="2741"/><item id="2741"/><item id="2741"/><item id="2741"/><item id="2741"/><item id="2741"/><item id="2741"/><item id="2741"/><item id="2741"/><item id="2741"/><item id="2741"/><item id="2741"/><item id="2741"/><item id="2741"/><item id="2741"/><item id="2741"/><item id="2741"/><item id="2741"/><item id="2741"/><item id="2741"/><item id="2741"/><item id="2741"/><item id="2741"/><item id="2741"/><item id="2741"/><item id="2741"/><item id="2741"/><item id="2741"/><item id="2741"/><item id="2741"/><item id="2741"/><item id="2741"/><item id="2741"/><item id="2741"/><item id="2741"/><item id="2741"/><item id="2741"/><item id="2741"/><item id="2741"/><item id="2741"/><item id="2741"/><item id="2741"/><item id="2741"/><item id="2741"/><item id="2741"/><item id="2741"/><item id="2741"/><item id="2741"/><item id="2741"/><item id="2741"/><item id="2741"/><item id="2741"/><item id="2741"/><item id="2741"/><item id="2741"/><item id="2741"/><item id="2741"/><item id="2741"/><item id="2741"/><item id="2741"/><item id="2741"/><item id="2741"/><item id="2741"/><item id="2741"/><item id="2741"/><item id="2741"/><item id="2741"/><item id="2741"/><item id="2741"/><item id="2741"/><item id="2741"/><item id="2741"/><item id="2741"/><item id="2741"/></tile><tile x="158" y="87" z="6"><item id="2403"/></tile><tile x="153" y="77" z="5"><item id="3132"/></tile><tile x="153" y="85" z="5"><item id="3132"/></tile><tile x="155" y="83" z="5"><item id="3131"/></tile><tile x="155" y="85" z="5"><item id="3132"/></tile><tile x="164" y="83" z="3"><item id="2759"/><item id="2759"/><item id="2759"/><item id="2759"/><item id="2759"/><item id="2759"/><item id="2759"/><item id="2759"/><item id="2759"/><item id="2759"/><item id="2759"/><item id="2759"/><item id="2759"/><item id="2759"/><item id="2759"/><item id="2759"/><item id="2759"/><item id="2759"/><item id="2759"/><item id="2759"/><item id="2759"/><item id="2759"/><item id="2759"/><item id="2759"/><item id="2759"/><item id="2759"/><item id="2759"/><item id="2759"/><item id="2759"/><item id="2759"/><item id="2759"/><item id="2759"/><item id="2759"/><item id="2759"/><item id="2759"/><item id="2759"/><item id="2759"/><item id="2759"/><item id="2759"/><item id="2759"/><item id="2759"/><item id="2759"/><item id="2759"/><item id="2759"/><item id="2759"/><item id="2759"/><item id="2759"/><item id="2759"/><item id="2759"/><item id="2759"/><item id="2759"/><item id="2759"/><item id="2759"/><item id="2759"/><item id="2759"/><item id="2759"/><item id="2759"/><item id="2759"/><item id="2759"/><item id="2759"/><item id="2759"/><item id="2759"/><item id="2759"/><item id="2759"/><item id="2759"/><item id="2759"/><item id="2759"/><item id="2759"/><item id="2759"/><item id="2759"/><item id="2759"/><item id="2759"/><item id="2759"/><item id="2759"/><item id="2759"/><item id="2759"/><item id="2759"/><item id="2759"/><item id="2759"/><item id="2759"/><item id="2759"/><item id="2759"/><item id="2759"/><item id="2759"/><item id="2759"/><item id="2759"/><item id="2759"/><item id="2759"/><item id="2759"/><item id="2759"/><item id="2759"/><item id="2759"/><item id="2759"/><item id="2759"/><item id="2759"/></tile><tile x="121" y="30" z="7"><item id="2148" count="19"/></tile><tile x="178" y="91" z="7"><item id="2148" count="90"/><item id="2152" count="34"/><item id="2273" count="100"/></tile><tile x="178" y="92" z="7"><item id="2148" count="100"/><item id="2148" count="10"/><item id="1987"/><item id="1988"/></tile><tile x="179" y="91" z="7"><item id="2148" count="90"/><item id="2273" count="100"/></tile><tile x="179" y="92" z="7"><item id="2148" count="90"/><item id="1988"><inside><item id="1988"/><item id="2456"/></inside></item><item id="2273" count="100"/><item id="1988"/></tile><tile x="180" y="92" z="7"><item id="2677" count="3"/></tile><tile x="181" y="92" z="7"><item id="2148" count="80"/><item id="2667" count="11"/></tile><tile x="337" y="76" z="6"><item id="2152" count="1"/></tile><tile x="244" y="170" z="7"><item id="1294" count="1"/><item id="1294" count="1"/><item id="1294" count="1"/><item id="1294" count="1"/><item id="1294" count="1"/><item id="1294" count="1"/><item id="1294" count="1"/><item id="1294" count="1"/><item id="1294" count="1"/><item id="1294" count="1"/><item id="1294" count="1"/><item id="1294" count="1"/><item id="1294" count="1"/><item id="1294" count="1"/><item id="1294" count="1"/><item id="1294" count="1"/><item id="1294" count="1"/><item id="1294" count="1"/><item id="1294" count="1"/><item id="1294" count="1"/><item id="1294" count="1"/><item id="1294" count="1"/><item id="1294" count="1"/><item id="1294" count="1"/><item id="1294" count="1"/><item id="1294" count="1"/><item id="1294" count="1"/><item id="1294" count="1"/><item id="1294" count="1"/><item id="1294" count="1"/><item id="1294" count="1"/><item id="1294" count="1"/><item id="1294" count="1"/><item id="1294" count="1"/><item id="1294" count="1"/><item id="1294" count="1"/><item id="1294" count="1"/><item id="1294" count="1"/><item id="1294" count="1"/><item id="1294" count="1"/><item id="1294" count="1"/><item id="1294" count="1"/><item id="1294" count="1"/><item id="1294" count="1"/><item id="1294" count="1"/><item id="1294" count="1"/><item id="1294" count="1"/><item id="1294" count="1"/><item id="1294" count="1"/><item id="1294" count="1"/><item id="1294" count="1"/><item id="1294" count="1"/><item id="1294" count="1"/><item id="1294" count="1"/><item id="1294" count="1"/><item id="1294" count="1"/><item id="1294" count="1"/><item id="1294" count="1"/><item id="1294" count="1"/><item id="1294" count="1"/><item id="1294" count="1"/><item id="1294" count="1"/><item id="1294" count="1"/><item id="1294" count="1"/><item id="1294" count="1"/><item id="1294" count="1"/><item id="1294" count="1"/><item id="1294" count="1"/><item id="1294" count="1"/><item id="1294" count="1"/><item id="1294" count="1"/><item id="1294" count="1"/><item id="1294" count="1"/><item id="1294" count="1"/><item id="1294" count="1"/><item id="1294" count="1"/><item id="1294" count="1"/><item id="1294" count="1"/><item id="1294" count="1"/><item id="1294" count="1"/><item id="1294" count="1"/><item id="1294" count="1"/><item id="1294" count="1"/><item id="1294" count="1"/><item id="1294" count="1"/><item id="1294" count="1"/><item id="1294" count="1"/><item id="1294" count="1"/><item id="1294" count="1"/><item id="1294" count="1"/><item id="1294" count="1"/><item id="1294" count="1"/><item id="1294" count="1"/><item id="1294" count="1"/><item id="1294" count="1"/></tile><tile x="228" y="172" z="7"><item id="1294" count="1"/><item id="1294" count="1"/><item id="1294" count="1"/><item id="1294" count="1"/><item id="1294" count="1"/><item id="1294" count="1"/><item id="1294" count="1"/><item id="1294" count="1"/><item id="1294" count="1"/><item id="1294" count="1"/><item id="1294" count="1"/><item id="1294" count="1"/><item id="1294" count="1"/><item id="1294" count="1"/><item id="1294" count="1"/><item id="1294" count="1"/><item id="1294" count="1"/><item id="1294" count="1"/><item id="1294" count="1"/><item id="1294" count="1"/><item id="1294" count="1"/><item id="1294" count="1"/><item id="1294" count="1"/><item id="1294" count="1"/><item id="1294" count="1"/><item id="1294" count="1"/><item id="1294" count="1"/><item id="1294" count="1"/><item id="1294" count="1"/><item id="1294" count="1"/><item id="1294" count="1"/><item id="1294" count="1"/><item id="1294" count="1"/><item id="1294" count="1"/><item id="1294" count="1"/><item id="1294" count="1"/><item id="1294" count="1"/><item id="1294" count="1"/><item id="1294" count="1"/><item id="1294" count="1"/><item id="1294" count="1"/><item id="1294" count="1"/><item id="1294" count="1"/><item id="1294" count="1"/><item id="1294" count="1"/><item id="1294" count="1"/><item id="1294" count="1"/><item id="1294" count="1"/><item id="1294" count="1"/><item id="1294" count="1"/><item id="1294" count="1"/><item id="1294" count="1"/><item id="1294" count="1"/><item id="1294" count="1"/><item id="1294" count="1"/><item id="1294" count="1"/><item id="1294" count="1"/><item id="1294" count="1"/><item id="1294" count="1"/><item id="1294" count="1"/><item id="1294" count="1"/><item id="1294" count="1"/><item id="1294" count="1"/><item id="1294" count="1"/><item id="1294" count="1"/><item id="1294" count="1"/><item id="1294" count="1"/><item id="1294" count="1"/><item id="1294" count="1"/><item id="1294" count="1"/><item id="1294" count="1"/><item id="1294" count="1"/><item id="1294" count="1"/><item id="1294" count="1"/><item id="1294" count="1"/><item id="1294" count="1"/><item id="1294" count="1"/><item id="1294" count="1"/><item id="1294" count="1"/><item id="1294" count="1"/><item id="1294" count="1"/><item id="1294" count="1"/><item id="1294" count="1"/><item id="1294" count="1"/><item id="1294" count="1"/><item id="1294" count="1"/><item id="1294" count="1"/><item id="1294" count="1"/><item id="1294" count="1"/><item id="1294" count="1"/><item id="1294" count="1"/><item id="1294" count="1"/><item id="1294" count="1"/><item id="1294" count="1"/><item id="1294" count="1"/></tile><tile x="302" y="255" z="7"><item id="2357"/></tile><tile x="302" y="256" z="6"><item id="2260"/></tile><tile x="303" y="255" z="6"><item id="2273" count="70"/></tile><tile x="291" y="285" z="7"><item id="2357"/></tile><tile x="300" y="281" z="7"><item id="2152" count="38"/></tile><tile x="253" y="329" z="8"><item id="2789" count="100"/></tile><tile x="254" y="328" z="8"><item id="2789" count="100"/><item id="2789" count="100"/><item id="2789" count="100"/><item id="2789" count="100"/><item id="2789" count="100"/><item id="2789" count="100"/><item id="2789" count="100"/><item id="2789" count="100"/><item id="2789" count="100"/><item id="2789" count="100"/><item id="2789" count="100"/><item id="2789" count="100"/><item id="2789" count="100"/><item id="2789" count="100"/><item id="2789" count="100"/><item id="2789" count="100"/><item id="2789" count="100"/><item id="2789" count="100"/><item id="2789" count="100"/><item id="2789" count="100"/><item id="2789" count="100"/><item id="2789" count="100"/><item id="2789" count="100"/><item id="2789" count="100"/><item id="2789" count="100"/><item id="2789" count="100"/><item id="2789" count="100"/><item id="2789" count="100"/><item id="2789" count="100"/><item id="2789" count="100"/><item id="2789" count="100"/><item id="2789" count="100"/><item id="2789" count="100"/><item id="2789" count="100"/><item id="2789" count="100"/><item id="2789" count="100"/><item id="2789" count="100"/><item id="2789" count="100"/><item id="2789" count="100"/><item id="2789" count="100"/><item id="2789" count="100"/><item id="2789" count="100"/><item id="2789" count="100"/><item id="2789" count="100"/><item id="2789" count="100"/><item id="2789" count="100"/><item id="2789" count="100"/><item id="2789" count="100"/><item id="2789" count="100"/><item id="2789" count="100"/><item id="2789" count="100"/><item id="2789" count="100"/><item id="2789" count="100"/><item id="2789" count="100"/><item id="2789" count="100"/></tile><tile x="254" y="329" z="8"><item id="2789" count="90"/></tile><tile x="255" y="327" z="8"><item id="2789" count="100"/><item id="2789" count="9"/></tile><tile x="290" y="183" z="7"><item id="2741"/><item id="2741"/><item id="2741"/><item id="2741"/><item id="2741"/><item id="2741"/><item id="2741"/><item id="2741"/><item id="2741"/><item id="2741"/><item id="2741"/><item id="2741"/><item id="2741"/><item id="2741"/><item id="2741"/><item id="2741"/><item id="2741"/><item id="2741"/><item id="2741"/><item id="2741"/><item id="2741"/><item id="2741"/><item id="2741"/><item id="2741"/><item id="2741"/><item id="2741"/><item id="2741"/><item id="2741"/><item id="2741"/><item id="2741"/><item id="2741"/><item id="2741"/><item id="2741"/><item id="2741"/><item id="2741"/><item id="2741"/><item id="2741"/><item id="2741"/><item id="2741"/><item id="2741"/><item id="2741"/><item id="2741"/><item id="2741"/><item id="2741"/><item id="2741"/><item id="2741"/><item id="2741"/><item id="2741"/><item id="2741"/><item id="2741"/><item id="2741"/><item id="2741"/><item id="2741"/><item id="2741"/><item id="2741"/><item id="2741"/><item id="2741"/><item id="2741"/><item id="2741"/><item id="2741"/><item id="2741"/><item id="2741"/><item id="2741"/><item id="2741"/><item id="2741"/><item id="2741"/><item id="2741"/><item id="2741"/><item id="2741"/><item id="2741"/><item id="2741"/><item id="2741"/><item id="2741"/><item id="2741"/><item id="2741"/><item id="2741"/><item id="2741"/><item id="2741"/><item id="2741"/><item id="2741"/><item id="2741"/><item id="2741"/><item id="2741"/><item id="2741"/><item id="2741"/><item id="2741"/><item id="2741"/><item id="2741"/><item id="2741"/><item id="2741"/><item id="2741"/><item id="2741"/><item id="2741"/><item id="2741"/><item id="2741"/></tile><tile x="291" y="184" z="7"><item id="2741"/><item id="2741"/><item id="2741"/><item id="2741"/><item id="2741"/><item id="2741"/><item id="2741"/><item id="2741"/><item id="2741"/><item id="2741"/><item id="2741"/><item id="2741"/><item id="2741"/><item id="2741"/><item id="2741"/><item id="2741"/><item id="2741"/><item id="2741"/><item id="2741"/><item id="2741"/><item id="2741"/><item id="2741"/><item id="2741"/><item id="2741"/><item id="2741"/><item id="2741"/><item id="2741"/><item id="2741"/><item id="2741"/><item id="2741"/><item id="2741"/><item id="2741"/><item id="2741"/><item id="2741"/><item id="2741"/><item id="2741"/><item id="2741"/><item id="2741"/><item id="2741"/><item id="2741"/><item id="2741"/><item id="2741"/><item id="2741"/><item id="2741"/><item id="2741"/><item id="2741"/><item id="2741"/><item id="2741"/><item id="2741"/><item id="2741"/><item id="2741"/><item id="2741"/><item id="2741"/><item id="2741"/><item id="2741"/><item id="2741"/><item id="2741"/><item id="2741"/><item id="2741"/><item id="2741"/><item id="2741"/><item id="2741"/><item id="2741"/><item id="2741"/><item id="2741"/><item id="2741"/><item id="2741"/><item id="2741"/><item id="2741"/><item id="2741"/><item id="2741"/><item id="2741"/><item id="2741"/><item id="2741"/><item id="2741"/><item id="2741"/><item id="2741"/><item id="2741"/><item id="2741"/><item id="2741"/><item id="2741"/><item id="2741"/><item id="2741"/><item id="2741"/><item id="2741"/><item id="2741"/><item id="2741"/><item id="2741"/><item id="2741"/><item id="2741"/><item id="2741"/><item id="2741"/><item id="2741"/><item id="2741"/><item id="2741"/></tile><tile x="292" y="185" z="7"><item id="2741"/><item id="2741"/><item id="2741"/><item id="2741"/><item id="2741"/><item id="2741"/><item id="2741"/><item id="2741"/><item id="2741"/><item id="2741"/><item id="2741"/><item id="2741"/><item id="2741"/><item id="2741"/><item id="2741"/><item id="2741"/><item id="2741"/><item id="2741"/><item id="2741"/><item id="2741"/><item id="2741"/><item id="2741"/><item id="2741"/><item id="2741"/><item id="2741"/><item id="2741"/><item id="2741"/><item id="2741"/><item id="2741"/><item id="2741"/><item id="2741"/><item id="2741"/><item id="2741"/><item id="2741"/><item id="2741"/><item id="2741"/><item id="2741"/><item id="2741"/><item id="2741"/><item id="2741"/><item id="2741"/><item id="2741"/><item id="2741"/><item id="2741"/><item id="2741"/><item id="2741"/><item id="2741"/><item id="2741"/><item id="2741"/><item id="2741"/><item id="2741"/><item id="2741"/><item id="2741"/><item id="2741"/><item id="2741"/><item id="2741"/><item id="2741"/><item id="2741"/><item id="2741"/><item id="2741"/><item id="2741"/><item id="2741"/><item id="2741"/><item id="2741"/><item id="2741"/><item id="2741"/><item id="2741"/><item id="2741"/><item id="2741"/><item id="2741"/><item id="2741"/><item id="2741"/><item id="2741"/><item id="2741"/><item id="2741"/><item id="2741"/><item id="2741"/><item id="2741"/><item id="2741"/><item id="2741"/><item id="2741"/><item id="2741"/><item id="2741"/><item id="2741"/><item id="2741"/><item id="2741"/><item id="2741"/><item id="2741"/><item id="2741"/><item id="2741"/><item id="2741"/><item id="2741"/><item id="2741"/><item id="2741"/><item id="2741"/></tile><tile x="302" y="181" z="7"><item id="2741"/><item id="2741"/><item id="2741"/><item id="2741"/><item id="2741"/><item id="2741"/><item id="2741"/><item id="2741"/><item id="2741"/><item id="2741"/><item id="2741"/><item id="2741"/><item id="2741"/><item id="2741"/><item id="2741"/><item id="2741"/><item id="2741"/><item id="2741"/><item id="2741"/><item id="2741"/><item id="2741"/><item id="2741"/><item id="2741"/><item id="2741"/><item id="2741"/><item id="2741"/><item id="2741"/><item id="2741"/><item id="2741"/><item id="2741"/><item id="2741"/><item id="2741"/><item id="2741"/><item id="2741"/><item id="2741"/><item id="2741"/><item id="2741"/><item id="2741"/><item id="2741"/><item id="2741"/><item id="2741"/><item id="2741"/><item id="2741"/><item id="2741"/><item id="2741"/><item id="2741"/><item id="2741"/><item id="2741"/><item id="2741"/><item id="2741"/><item id="2741"/><item id="2741"/><item id="2741"/><item id="2741"/><item id="2741"/><item id="2741"/><item id="2741"/><item id="2741"/><item id="2741"/><item id="2741"/><item id="2741"/><item id="2741"/><item id="2741"/><item id="2741"/><item id="2741"/><item id="2741"/><item id="2741"/><item id="2741"/><item id="2741"/><item id="2741"/><item id="2741"/><item id="2741"/><item id="2741"/><item id="2741"/><item id="2741"/><item id="2741"/><item id="2741"/><item id="2741"/><item id="2741"/><item id="2741"/><item id="2741"/><item id="2741"/><item id="2741"/><item id="2741"/><item id="2741"/><item id="2741"/><item id="2741"/><item id="2741"/><item id="2741"/><item id="2741"/><item id="2741"/><item id="2741"/><item id="2741"/><item id="2741"/><item id="2741"/></tile><tile x="303" y="174" z="7"><item id="2741"/><item id="2741"/><item id="2741"/><item id="2741"/><item id="2741"/><item id="2741"/><item id="2741"/><item id="2741"/><item id="2741"/><item id="2741"/><item id="2741"/><item id="2741"/><item id="2741"/><item id="2741"/><item id="2741"/><item id="2741"/><item id="2741"/><item id="2741"/><item id="2741"/><item id="2741"/><item id="2741"/><item id="2741"/><item id="2741"/><item id="2741"/><item id="2741"/><item id="2741"/><item id="2741"/><item id="2741"/><item id="2741"/><item id="2741"/><item id="2741"/><item id="2741"/><item id="2741"/><item id="2741"/><item id="2741"/><item id="2741"/><item id="2741"/><item id="2741"/><item id="2741"/><item id="2741"/><item id="2741"/><item id="2741"/><item id="2741"/><item id="2741"/><item id="2741"/><item id="2741"/><item id="2741"/><item id="2741"/><item id="2741"/><item id="2741"/><item id="2741"/><item id="2741"/><item id="2741"/><item id="2741"/><item id="2741"/><item id="2741"/><item id="2741"/><item id="2741"/><item id="2741"/><item id="2741"/><item id="2741"/><item id="2741"/><item id="2741"/><item id="2741"/><item id="2741"/><item id="2741"/><item id="2741"/><item id="2741"/><item id="2741"/><item id="2741"/><item id="2741"/><item id="2741"/><item id="2741"/><item id="2741"/><item id="2741"/><item id="2741"/><item id="2741"/><item id="2741"/><item id="2741"/><item id="2741"/><item id="2741"/><item id="2741"/><item id="2741"/><item id="2741"/><item id="2741"/><item id="2741"/><item id="2741"/><item id="2741"/><item id="2741"/><item id="2741"/><item id="2741"/><item id="2741"/><item id="2741"/><item id="2741"/><item id="2741"/></tile><tile x="90" y="32" z="6"><item id="1724"/></tile><tile x="90" y="33" z="6"><item id="1724"/></tile><tile x="91" y="32" z="6"><item id="1724"/></tile><tile x="91" y="33" z="6"><item id="1724"/><item id="1724"/></tile><tile x="91" y="34" z="6"><item id="1724"/><item id="1724"/></tile><tile x="92" y="32" z="6"><item id="1724"/><item id="1724"/><item id="1724"/><item id="1724"/><item id="1724"/><item id="1724"/><item id="1724"/><item id="1724"/><item id="1724"/><item id="1724"/><item id="1724"/><item id="1724"/><item id="1724"/><item id="1724"/><item id="1724"/><item id="1724"/><item id="1724"/><item id="1724"/><item id="1724"/><item id="1724"/><item id="1724"/><item id="1724"/><item id="1724"/><item id="1724"/><item id="1724"/><item id="1724"/><item id="1724"/><item id="1724"/><item id="1724"/><item id="1724"/><item id="1724"/><item id="1724"/><item id="1724"/><item id="1724"/><item id="1724"/><item id="1724"/><item id="1724"/><item id="1724"/><item id="1724"/><item id="1724"/><item id="1724"/><item id="1724"/><item id="1724"/><item id="1724"/><item id="1724"/><item id="1724"/><item id="1724"/><item id="1724"/><item id="1724"/><item id="1724"/><item id="1724"/><item id="1724"/><item id="1724"/><item id="1724"/><item id="1724"/><item id="1724"/><item id="1724"/><item id="1724"/><item id="1724"/><item id="1724"/><item id="1724"/><item id="1724"/><item id="1724"/><item id="1724"/><item id="1724"/><item id="1724"/><item id="1724"/><item id="1724"/><item id="1724"/><item id="1724"/><item id="1724"/><item id="1724"/><item id="1724"/><item id="1724"/><item id="1724"/><item id="1724"/><item id="1724"/><item id="1724"/></tile><tile x="92" y="33" z="6"><item id="1724"/><item id="1724"/><item id="1724"/><item id="1724"/></tile><tile x="92" y="34" z="6"><item id="1724"/><item id="1724"/></tile><tile x="117" y="37" z="6"><item id="2260"/></tile><tile x="125" y="59" z="6"><item id="3940"/></tile><tile x="293" y="264" z="6"><item id="2382"/></tile><tile x="294" y="265" z="6"><item id="2455"/></tile><tile x="289" y="266" z="6"><item id="2671" count="2"/><item id="2168"/></tile><tile x="81" y="228" z="5"><item id="2603"/><item id="2603"/><item id="2603"/><item id="2603"/><item id="2603"/><item id="2603"/><item id="2603"/><item id="2603"/><item id="2603"/><item id="2603"/><item id="2603"/><item id="2603"/><item id="2603"/><item id="2603"/><item id="2603"/><item id="2603"/><item id="2603"/><item id="2603"/><item id="2603"/><item id="2603"/><item id="2603"/><item id="2603"/><item id="2603"/><item id="2603"/><item id="2603"/><item id="2603"/><item id="2603"/><item id="2603"/><item id="2603"/><item id="2603"/><item id="2603"/><item id="2603"/><item id="2603"/><item id="2603"/><item id="2603"/><item id="2603"/><item id="2603"/><item id="2603"/><item id="2603"/><item id="2603"/><item id="2603"/><item id="2603"/><item id="2603"/><item id="2603"/><item id="2603"/><item id="2603"/><item id="2603"/><item id="2603"/><item id="2603"/><item id="2603"/><item id="2603"/><item id="2603"/><item id="2603"/><item id="2603"/><item id="2603"/><item id="2603"/><item id="2603"/><item id="2603"/><item id="2603"/><item id="2603"/><item id="2603"/><item id="2603"/><item id="2603"/><item id="2603"/><item id="2603"/><item id="2603"/><item id="2603"/><item id="2603"/><item id="2603"/><item id="2603"/><item id="2603"/><item id="2603"/><item id="2603"/><item id="2603"/><item id="2603"/><item id="2603"/><item id="2603"/><item id="2603"/><item id="2603"/><item id="2603"/><item id="2603"/><item id="2603"/><item id="2603"/><item id="2603"/><item id="2603"/><item id="2603"/><item id="2603"/><item id="2603"/><item id="2603"/><item id="2603"/><item id="2603"/><item id="2603"/><item id="2603"/><item id="2603"/><item id="2603"/></tile><tile x="97" y="228" z="5"><item id="2603"/><item id="2603"/><item id="2603"/><item id="2603"/><item id="2603"/><item id="2603"/><item id="2603"/><item id="2603"/><item id="2603"/><item id="2603"/><item id="2603"/><item id="2603"/><item id="2603"/><item id="2603"/><item id="2603"/><item id="2603"/><item id="2603"/><item id="2603"/><item id="2603"/><item id="2603"/><item id="2603"/><item id="2603"/><item id="2603"/><item id="2603"/><item id="2603"/><item id="2603"/><item id="2603"/><item id="2603"/><item id="2603"/><item id="2603"/><item id="2603"/><item id="2603"/><item id="2603"/><item id="2603"/><item id="2603"/><item id="2603"/><item id="2603"/><item id="2603"/><item id="2603"/><item id="2603"/><item id="2603"/><item id="2603"/><item id="2603"/><item id="2603"/><item id="2603"/><item id="2603"/><item id="2603"/><item id="2603"/><item id="2603"/><item id="2603"/><item id="2603"/><item id="2603"/><item id="2603"/><item id="2603"/><item id="2603"/><item id="2603"/><item id="2603"/><item id="2603"/><item id="2603"/><item id="2603"/><item id="2603"/><item id="2603"/><item id="2603"/><item id="2603"/><item id="2603"/><item id="2603"/><item id="2603"/><item id="2603"/><item id="2603"/><item id="2603"/><item id="2603"/><item id="2603"/><item id="2603"/><item id="2603"/><item id="2603"/><item id="2603"/><item id="2603"/><item id="2603"/><item id="2603"/><item id="2603"/><item id="2603"/><item id="2603"/><item id="2603"/><item id="2603"/><item id="2603"/><item id="2603"/><item id="2603"/><item id="2603"/><item id="2603"/><item id="2603"/><item id="2603"/><item id="2603"/><item id="2603"/><item id="2603"/><item id="2603"/></tile><tile x="91" y="222" z="0"><item id="2098"/><item id="2098"/><item id="2098"/><item id="2098"/><item id="2098"/><item id="2098"/><item id="2098"/><item id="2098"/><item id="2098"/><item id="2098"/><item id="2098"/><item id="2098"/><item id="2098"/><item id="2098"/><item id="2098"/><item id="2098"/><item id="2098"/><item id="2098"/><item id="2098"/><item id="2098"/><item id="2098"/><item id="2098"/><item id="2098"/><item id="2098"/><item id="2098"/><item id="2098"/><item id="2098"/><item id="2098"/><item id="2098"/><item id="2098"/><item id="2098"/><item id="2098"/><item id="2098"/><item id="2098"/><item id="2098"/><item id="2098"/><item id="2098"/><item id="2098"/><item id="2098"/><item id="2098"/><item id="2098"/><item id="2098"/><item id="2098"/><item id="2098"/><item id="2098"/><item id="2098"/><item id="2098"/><item id="2098"/><item id="2098"/><item id="2098"/><item id="2098"/><item id="2098"/><item id="2098"/><item id="2098"/><item id="2098"/><item id="2098"/><item id="2098"/><item id="2098"/><item id="2098"/><item id="2098"/><item id="2098"/><item id="2098"/><item id="2098"/><item id="2098"/><item id="2098"/><item id="2098"/><item id="2098"/><item id="2098"/><item id="2098"/><item id="2098"/><item id="2098"/><item id="2098"/><item id="2098"/><item id="2098"/><item id="2098"/><item id="2098"/><item id="2098"/><item id="2098"/><item id="2098"/><item id="2098"/><item id="2098"/><item id="2098"/><item id="2098"/><item id="2098"/><item id="2098"/><item id="2098"/><item id="2098"/><item id="2098"/><item id="2098"/><item id="2098"/><item id="2098"/><item id="2098"/><item id="2098"/><item id="2098"/><item id="2098"/></tile><tile x="439" y="286" z="7"><item id="2082"/><item id="2082"/><item id="2082"/><item id="2082"/><item id="2082"/><item id="2082"/><item id="2082"/><item id="2082"/><item id="2082"/><item id="2082"/><item id="2082"/><item id="2082"/><item id="2082"/><item id="2082"/><item id="2082"/><item id="2082"/><item id="2082"/><item id="2082"/><item id="2082"/><item id="2082"/><item id="2082"/><item id="2082"/><item id="2082"/><item id="2082"/><item id="2082"/><item id="2082"/><item id="2082"/><item id="2082"/><item id="2082"/><item id="2082"/><item id="2082"/><item id="2082"/><item id="2082"/><item id="2082"/><item id="2082"/><item id="2082"/><item id="2082"/><item id="2082"/><item id="2082"/><item id="2082"/><item id="2082"/><item id="2082"/><item id="2082"/><item id="2082"/><item id="2082"/><item id="2082"/><item id="2082"/><item id="2082"/><item id="2082"/><item id="2082"/><item id="2082"/><item id="2082"/><item id="2082"/><item id="2082"/><item id="2082"/><item id="2082"/><item id="2082"/><item id="2082"/><item id="2082"/><item id="2082"/><item id="2082"/><item id="2082"/><item id="2082"/><item id="2082"/><item id="2082"/><item id="2082"/><item id="2082"/><item id="2082"/><item id="2082"/><item id="2082"/><item id="2082"/><item id="2082"/><item id="2082"/><item id="2082"/><item id="2082"/><item id="2082"/><item id="2082"/><item id="2082"/><item id="2082"/><item id="2082"/><item id="2082"/><item id="2082"/><item id="2082"/><item id="2082"/><item id="2082"/><item id="2082"/><item id="2082"/><item id="2082"/><item id="2082"/><item id="2082"/><item id="2082"/><item id="2082"/><item id="2082"/><item id="2082"/><item id="2082"/></tile><tile x="444" y="281" z="7"><item id="1729"/><item id="1729"/><item id="1729"/><item id="1729"/><item id="1729"/><item id="1729"/><item id="1729"/><item id="1729"/><item id="1729"/><item id="1729"/><item id="1729"/><item id="1729"/><item id="1729"/><item id="1729"/><item id="1729"/><item id="1729"/><item id="1729"/><item id="1729"/><item id="1729"/><item id="1729"/><item id="1729"/><item id="1729"/><item id="1729"/><item id="1729"/><item id="1729"/><item id="1729"/><item id="1729"/><item id="1729"/><item id="1729"/><item id="1729"/><item id="1729"/><item id="1729"/><item id="1729"/><item id="1729"/><item id="1729"/><item id="1729"/><item id="1729"/><item id="1729"/><item id="1729"/><item id="1729"/><item id="1729"/><item id="1729"/><item id="1729"/><item id="1729"/><item id="1729"/><item id="1729"/><item id="1729"/><item id="1729"/><item id="1729"/><item id="1729"/><item id="1729"/><item id="1729"/><item id="1729"/><item id="1729"/><item id="1729"/><item id="1729"/><item id="1729"/><item id="1729"/><item id="1729"/><item id="1729"/><item id="1729"/><item id="1729"/><item id="1729"/><item id="1729"/><item id="1729"/><item id="1729"/><item id="1729"/><item id="1729"/><item id="1729"/><item id="1729"/><item id="1729"/><item id="1729"/><item id="1729"/><item id="1729"/><item id="1729"/><item id="1729"/><item id="1729"/><item id="1729"/><item id="1729"/><item id="1729"/><item id="1729"/><item id="1729"/><item id="1729"/><item id="1729"/><item id="1729"/><item id="1729"/><item id="1729"/><item id="1729"/><item id="1729"/><item id="1729"/><item id="1729"/><item id="1729"/><item id="1729"/><item id="1729"/><item id="1729"/></tile><tile x="431" y="260" z="7"><item id="2789" count="1"/></tile><tile x="447" y="261" z="7"><item id="2748"/><item id="2748"/><item id="2748"/><item id="2748"/><item id="2748"/><item id="2748"/><item id="2748"/><item id="2748"/><item id="2748"/><item id="2748"/><item id="2748"/><item id="2748"/><item id="2748"/><item id="2748"/><item id="2748"/><item id="2748"/><item id="2748"/><item id="2748"/><item id="2748"/><item id="2748"/><item id="2748"/><item id="2748"/><item id="2748"/><item id="2748"/><item id="2748"/><item id="2748"/><item id="2748"/><item id="2748"/><item id="2748"/><item id="2748"/><item id="2748"/><item id="2748"/><item id="2748"/><item id="2748"/><item id="2748"/><item id="2748"/><item id="2748"/><item id="2748"/><item id="2748"/><item id="2748"/><item id="2748"/><item id="2748"/><item id="2748"/><item id="2748"/><item id="2748"/><item id="2748"/><item id="2748"/><item id="2748"/><item id="2748"/><item id="2748"/><item id="2748"/><item id="2748"/><item id="2748"/><item id="2748"/><item id="2748"/><item id="2748"/><item id="2748"/><item id="2748"/><item id="2748"/><item id="2748"/><item id="2748"/><item id="2748"/><item id="2748"/><item id="2748"/><item id="2748"/><item id="2748"/><item id="2748"/><item id="2748"/><item id="2748"/><item id="2748"/><item id="2748"/><item id="2748"/><item id="2748"/><item id="2748"/><item id="2748"/><item id="2748"/><item id="2748"/><item id="2748"/><item id="2748"/><item id="2748"/><item id="2748"/><item id="2748"/><item id="2748"/><item id="2748"/><item id="2748"/><item id="2748"/><item id="2748"/><item id="2748"/><item id="2748"/><item id="2748"/><item id="2748"/><item id="2748"/><item id="2748"/><item id="2748"/><item id="2748"/></tile><tile x="449" y="261" z="7"><item id="2748"/><item id="2748"/><item id="2748"/><item id="2748"/><item id="2748"/><item id="2748"/><item id="2748"/><item id="2748"/><item id="2748"/><item id="2748"/><item id="2748"/><item id="2748"/><item id="2748"/><item id="2748"/><item id="2748"/><item id="2748"/><item id="2748"/><item id="2748"/><item id="2748"/><item id="2748"/><item id="2748"/><item id="2748"/><item id="2748"/><item id="2748"/><item id="2748"/><item id="2748"/><item id="2748"/><item id="2748"/><item id="2748"/><item id="2748"/><item id="2748"/><item id="2748"/><item id="2748"/><item id="2748"/><item id="2748"/><item id="2748"/><item id="2748"/><item id="2748"/><item id="2748"/><item id="2748"/><item id="2748"/><item id="2748"/><item id="2748"/><item id="2748"/><item id="2748"/><item id="2748"/><item id="2748"/><item id="2748"/><item id="2748"/><item id="2748"/><item id="2748"/><item id="2748"/><item id="2748"/><item id="2748"/><item id="2748"/><item id="2748"/><item id="2748"/><item id="2748"/><item id="2748"/><item id="2748"/><item id="2748"/><item id="2748"/><item id="2748"/><item id="2748"/><item id="2748"/><item id="2748"/><item id="2748"/><item id="2748"/><item id="2748"/><item id="2748"/><item id="2748"/><item id="2748"/><item id="2748"/><item id="2748"/><item id="2748"/><item id="2748"/><item id="2748"/><item id="2748"/><item id="2748"/><item id="2748"/><item id="2748"/><item id="2748"/><item id="2748"/><item id="2748"/><item id="2748"/><item id="2748"/><item id="2748"/><item id="2748"/><item id="2748"/><item id="2748"/><item id="2748"/><item id="2748"/><item id="2748"/><item id="2748"/><item id="2748"/></tile><tile x="449" y="265" z="7"><item id="2741"/><item id="2741"/><item id="2741"/><item id="2741"/><item id="2741"/><item id="2741"/><item id="2741"/><item id="2741"/><item id="2741"/><item id="2741"/><item id="2741"/><item id="2741"/><item id="2741"/><item id="2741"/><item id="2741"/><item id="2741"/><item id="2741"/><item id="2741"/><item id="2741"/><item id="2741"/><item id="2741"/><item id="2741"/><item id="2741"/><item id="2741"/><item id="2741"/><item id="2741"/><item id="2741"/><item id="2741"/><item id="2741"/><item id="2741"/><item id="2741"/><item id="2741"/><item id="2741"/><item id="2741"/><item id="2741"/><item id="2741"/><item id="2741"/><item id="2741"/><item id="2741"/><item id="2741"/><item id="2741"/><item id="2741"/><item id="2741"/><item id="2741"/><item id="2741"/><item id="2741"/><item id="2741"/><item id="2741"/><item id="2741"/><item id="2741"/><item id="2741"/><item id="2741"/><item id="2741"/><item id="2741"/><item id="2741"/><item id="2741"/><item id="2741"/><item id="2741"/><item id="2741"/><item id="2741"/><item id="2741"/><item id="2741"/><item id="2741"/><item id="2741"/><item id="2741"/><item id="2741"/><item id="2741"/><item id="2741"/><item id="2741"/><item id="2741"/><item id="2741"/><item id="2741"/><item id="2741"/><item id="2741"/><item id="2741"/><item id="2741"/><item id="2741"/><item id="2741"/><item id="2741"/><item id="2741"/><item id="2741"/><item id="2741"/><item id="2741"/><item id="2741"/><item id="2741"/><item id="2741"/><item id="2741"/><item id="2741"/><item id="2741"/><item id="2741"/><item id="2741"/><item id="2741"/><item id="2741"/><item id="2741"/><item id="2741"/></tile><tile x="478" y="383" z="7"><item id="2741"/><item id="2741"/><item id="2741"/><item id="2741"/><item id="2741"/><item id="2741"/><item id="2741"/><item id="2741"/><item id="2741"/><item id="2741"/><item id="2741"/><item id="2741"/><item id="2741"/><item id="2741"/><item id="2741"/><item id="2741"/><item id="2741"/><item id="2741"/><item id="2741"/><item id="2741"/><item id="2741"/><item id="2741"/><item id="2741"/><item id="2741"/><item id="2741"/><item id="2741"/><item id="2741"/><item id="2741"/><item id="2741"/><item id="2741"/><item id="2741"/><item id="2741"/><item id="2741"/><item id="2741"/><item id="2741"/><item id="2741"/><item id="2741"/><item id="2741"/><item id="2741"/><item id="2741"/><item id="2741"/><item id="2741"/><item id="2741"/><item id="2741"/><item id="2741"/><item id="2741"/><item id="2741"/><item id="2741"/><item id="2741"/><item id="2741"/><item id="2741"/><item id="2741"/><item id="2741"/><item id="2741"/><item id="2741"/><item id="2741"/><item id="2741"/><item id="2741"/><item id="2741"/><item id="2741"/><item id="2741"/><item id="2741"/><item id="2741"/><item id="2741"/><item id="2741"/><item id="2741"/><item id="2741"/></tile><tile x="478" y="384" z="7"><item id="2741"/><item id="2741"/><item id="2741"/><item id="2741"/><item id="2741"/><item id="2741"/><item id="2741"/><item id="2741"/></tile><tile x="479" y="382" z="7"><item id="2741"/><item id="2741"/></tile><tile x="479" y="383" z="7"><item id="2741"/><item id="2741"/></tile><tile x="479" y="384" z="7"><item id="2741"/><item id="2741"/><item id="2741"/><item id="2741"/><item id="2741"/><item id="2741"/><item id="2741"/><item id="2741"/><item id="2741"/></tile><tile x="479" y="385" z="7"><item id="2741"/></tile><tile x="498" y="379" z="7"><item id="2741"/><item id="2741"/><item id="2741"/><item id="2741"/><item id="2741"/><item id="2741"/><item id="2741"/><item id="2741"/><item id="2741"/><item id="2741"/><item id="2741"/><item id="2741"/><item id="2741"/><item id="2741"/><item id="2741"/><item id="2741"/><item id="2741"/><item id="2741"/><item id="2741"/><item id="2741"/><item id="2741"/><item id="2741"/><item id="2741"/><item id="2741"/><item id="2741"/><item id="2741"/><item id="2741"/><item id="2741"/><item id="2741"/><item id="2741"/><item id="2741"/><item id="2741"/><item id="2741"/><item id="2741"/><item id="2741"/><item id="2741"/><item id="2741"/><item id="2741"/><item id="2741"/><item id="2741"/><item id="2741"/><item id="2741"/><item id="2741"/><item id="2741"/><item id="2741"/><item id="2741"/><item id="2741"/><item id="2741"/><item id="2741"/><item id="2741"/><item id="2741"/><item id="2741"/><item id="2741"/><item id="2741"/><item id="2741"/><item id="2741"/><item id="2741"/><item id="2741"/><item id="2741"/><item id="2741"/><item id="2741"/><item id="2741"/><item id="2741"/><item id="2741"/><item id="2741"/><item id="2741"/><item id="2741"/><item id="2741"/><item id="2741"/><item id="2741"/><item id="2741"/><item id="2741"/><item id="2741"/><item id="2741"/><item id="2741"/><item id="2741"/><item id="2741"/><item id="2741"/><item id="2741"/><item id="2741"/><item id="2741"/><item id="2741"/><item id="2741"/><item id="2741"/><item id="2741"/><item id="2741"/><item id="2741"/><item id="2741"/><item id="2741"/><item id="2741"/><item id="2741"/><item id="2741"/><item id="2741"/><item id="2741"/><item id="2741"/></tile><tile x="499" y="376" z="7"><item id="2741"/><item id="2741"/><item id="2741"/><item id="2741"/><item id="2741"/><item id="2741"/><item id="2741"/><item id="2741"/><item id="2741"/><item id="2741"/><item id="2741"/><item id="2741"/><item id="2741"/><item id="2741"/><item id="2741"/><item id="2741"/><item id="2741"/><item id="2741"/><item id="2741"/><item id="2741"/><item id="2741"/><item id="2741"/><item id="2741"/><item id="2741"/><item id="2741"/><item id="2741"/><item id="2741"/><item id="2741"/><item id="2741"/><item id="2741"/><item id="2741"/><item id="2741"/><item id="2741"/><item id="2741"/><item id="2741"/><item id="2741"/><item id="2741"/><item id="2741"/><item id="2741"/><item id="2741"/><item id="2741"/><item id="2741"/><item id="2741"/><item id="2741"/><item id="2741"/><item id="2741"/><item id="2741"/><item id="2741"/><item id="2741"/><item id="2741"/><item id="2741"/><item id="2741"/><item id="2741"/><item id="2741"/><item id="2741"/><item id="2741"/><item id="2741"/><item id="2741"/><item id="2741"/><item id="2741"/><item id="2741"/><item id="2741"/><item id="2741"/><item id="2741"/><item id="2741"/><item id="2741"/><item id="2741"/><item id="2741"/><item id="2741"/><item id="2741"/><item id="2741"/><item id="2741"/><item id="2741"/><item id="2741"/><item id="2741"/><item id="2741"/><item id="2741"/><item id="2741"/><item id="2741"/><item id="2741"/><item id="2741"/><item id="2741"/><item id="2741"/><item id="2741"/><item id="2741"/><item id="2741"/><item id="2741"/><item id="2741"/><item id="2741"/><item id="2741"/><item id="2741"/><item id="2741"/><item id="2741"/><item id="2741"/><item id="2741"/></tile><tile x="479" y="388" z="7"><item id="2741"/><item id="2741"/><item id="2741"/><item id="2741"/><item id="2741"/><item id="2741"/><item id="2741"/><item id="2741"/><item id="2741"/><item id="2741"/><item id="2741"/><item id="2741"/><item id="2741"/><item id="2741"/><item id="2741"/><item id="2741"/><item id="2741"/><item id="2741"/><item id="2741"/><item id="2741"/><item id="2741"/><item id="2741"/><item id="2741"/><item id="2741"/><item id="2741"/><item id="2741"/><item id="2741"/><item id="2741"/><item id="2741"/><item id="2741"/><item id="2741"/><item id="2741"/><item id="2741"/><item id="2741"/><item id="2741"/><item id="2741"/><item id="2741"/><item id="2741"/><item id="2741"/><item id="2741"/><item id="2741"/><item id="2741"/><item id="2741"/><item id="2741"/><item id="2741"/><item id="2741"/><item id="2741"/><item id="2741"/><item id="2741"/><item id="2741"/><item id="2741"/><item id="2741"/><item id="2741"/><item id="2741"/><item id="2741"/><item id="2741"/><item id="2741"/><item id="2741"/><item id="2741"/><item id="2741"/><item id="2741"/><item id="2741"/><item id="2741"/><item id="2741"/><item id="2741"/><item id="2741"/><item id="2741"/><item id="2741"/><item id="2741"/><item id="2741"/><item id="2741"/><item id="2741"/><item id="2741"/><item id="2741"/><item id="2741"/><item id="2741"/><item id="2741"/><item id="2741"/><item id="2741"/><item id="2741"/><item id="2741"/><item id="2741"/><item id="2741"/><item id="2741"/><item id="2741"/><item id="2741"/><item id="2741"/><item id="2741"/><item id="2741"/><item id="2741"/><item id="2741"/><item id="2741"/><item id="2741"/><item id="2741"/><item id="2741"/></tile><tile x="480" y="388" z="7"><item id="2741"/></tile><tile x="483" y="390" z="7"><item id="2741"/><item id="2741"/><item id="2741"/><item id="2741"/><item id="2741"/><item id="2741"/><item id="2741"/><item id="2741"/><item id="2741"/><item id="2741"/><item id="2741"/><item id="2741"/><item id="2741"/><item id="2741"/><item id="2741"/><item id="2741"/><item id="2741"/><item id="2741"/><item id="2741"/><item id="2741"/><item id="2741"/><item id="2741"/><item id="2741"/><item id="2741"/><item id="2741"/><item id="2741"/><item id="2741"/><item id="2741"/><item id="2741"/><item id="2741"/><item id="2741"/><item id="2741"/><item id="2741"/><item id="2741"/><item id="2741"/><item id="2741"/><item id="2741"/><item id="2741"/><item id="2741"/><item id="2741"/><item id="2741"/><item id="2741"/><item id="2741"/><item id="2741"/><item id="2741"/><item id="2741"/><item id="2741"/><item id="2741"/><item id="2741"/><item id="2741"/><item id="2741"/><item id="2741"/><item id="2741"/><item id="2741"/><item id="2741"/><item id="2741"/><item id="2741"/><item id="2741"/><item id="2741"/><item id="2741"/><item id="2741"/><item id="2741"/><item id="2741"/><item id="2741"/><item id="2741"/><item id="2741"/><item id="2741"/><item id="2741"/><item id="2741"/><item id="2741"/><item id="2741"/><item id="2741"/><item id="2741"/><item id="2741"/><item id="2741"/><item id="2741"/><item id="2741"/><item id="2741"/><item id="2741"/><item id="2741"/><item id="2741"/><item id="2741"/><item id="2741"/><item id="2741"/><item id="2741"/><item id="2741"/><item id="2741"/><item id="2741"/><item id="2741"/><item id="2741"/><item id="2741"/><item id="2741"/><item id="2741"/><item id="2741"/><item id="2741"/></tile><tile x="199" y="654" z="7"><item id="1729"/><item id="1729"/><item id="1729"/><item id="1729"/><item id="1729"/><item id="1729"/><item id="1729"/><item id="1729"/><item id="1729"/><item id="1729"/><item id="1729"/><item id="1729"/><item id="1729"/><item id="1729"/><item id="1729"/><item id="1729"/><item id="1729"/><item id="1729"/><item id="1729"/><item id="1729"/><item id="1729"/><item id="1729"/><item id="1729"/><item id="1729"/><item id="1729"/><item id="1729"/><item id="1729"/><item id="1729"/><item id="1729"/><item id="1729"/><item id="1729"/><item id="1729"/><item id="1729"/><item id="1729"/><item id="1729"/><item id="1729"/><item id="1729"/><item id="1729"/><item id="1729"/><item id="1729"/><item id="1729"/><item id="1729"/><item id="1729"/><item id="1729"/><item id="1729"/><item id="1729"/><item id="1729"/><item id="1729"/><item id="1729"/><item id="1729"/><item id="1729"/><item id="1729"/><item id="1729"/><item id="1729"/><item id="1729"/><item id="1729"/><item id="1729"/><item id="1729"/><item id="1729"/><item id="1729"/><item id="1729"/><item id="1729"/><item id="1729"/><item id="1729"/><item id="1729"/><item id="1729"/><item id="1729"/><item id="1729"/><item id="1729"/><item id="1729"/><item id="1729"/><item id="1729"/><item id="1729"/><item id="1729"/><item id="1729"/><item id="1729"/><item id="1729"/><item id="1729"/><item id="1729"/><item id="1729"/><item id="1729"/><item id="1729"/><item id="1729"/><item id="1729"/><item id="1729"/><item id="1729"/><item id="1729"/><item id="1729"/><item id="1729"/><item id="1729"/><item id="1729"/><item id="1729"/><item id="1729"/><item id="1729"/><item id="1729"/></tile><tile x="199" y="655" z="7"><item id="1734"/><item id="1734"/><item id="1734"/><item id="1734"/><item id="1734"/><item id="1734"/><item id="1734"/><item id="1734"/><item id="1734"/><item id="1734"/><item id="1734"/><item id="1734"/><item id="1734"/><item id="1734"/><item id="1734"/><item id="1734"/><item id="1734"/><item id="1734"/><item id="1734"/><item id="1734"/><item id="1734"/><item id="1734"/><item id="1734"/><item id="1734"/><item id="1734"/><item id="1734"/><item id="1734"/><item id="1734"/><item id="1734"/><item id="1734"/><item id="1734"/><item id="1734"/><item id="1734"/><item id="1734"/><item id="1734"/><item id="1734"/><item id="1734"/><item id="1734"/><item id="1734"/><item id="1734"/><item id="1734"/><item id="1734"/><item id="1734"/><item id="1734"/><item id="1734"/><item id="1734"/><item id="1734"/><item id="1734"/><item id="1734"/><item id="1734"/><item id="1734"/><item id="1734"/><item id="1734"/><item id="1734"/><item id="1734"/><item id="1734"/><item id="1734"/><item id="1734"/><item id="1734"/><item id="1734"/><item id="1734"/><item id="1734"/><item id="1734"/><item id="1734"/><item id="1734"/><item id="1734"/><item id="1734"/><item id="1734"/><item id="1734"/><item id="1734"/><item id="1734"/><item id="1734"/><item id="1734"/><item id="1734"/><item id="1734"/><item id="1734"/><item id="1734"/><item id="1734"/><item id="1734"/><item id="1734"/><item id="1734"/><item id="1734"/><item id="1734"/><item id="1734"/><item id="1734"/><item id="1734"/><item id="1734"/><item id="1734"/><item id="1734"/><item id="1734"/><item id="1734"/><item id="1734"/><item id="1734"/><item id="1734"/><item id="1734"/></tile><tile x="213" y="658" z="7"><item id="1729"/><item id="1729"/><item id="1729"/><item id="1729"/><item id="1729"/><item id="1729"/><item id="1729"/><item id="1729"/><item id="1729"/><item id="1729"/><item id="1729"/><item id="1729"/><item id="1729"/><item id="1729"/><item id="1729"/><item id="1729"/><item id="1729"/><item id="1729"/><item id="1729"/><item id="1729"/><item id="1729"/><item id="1729"/><item id="1729"/><item id="1729"/><item id="1729"/><item id="1729"/><item id="1729"/><item id="1729"/><item id="1729"/><item id="1729"/><item id="1729"/><item id="1729"/><item id="1729"/><item id="1729"/><item id="1729"/><item id="1729"/><item id="1729"/><item id="1729"/><item id="1729"/><item id="1729"/><item id="1729"/><item id="1729"/><item id="1729"/><item id="1729"/><item id="1729"/><item id="1729"/><item id="1729"/><item id="1729"/><item id="1729"/><item id="1729"/><item id="1729"/><item id="1729"/><item id="1729"/><item id="1729"/><item id="1729"/><item id="1729"/><item id="1729"/><item id="1729"/><item id="1729"/><item id="1729"/><item id="1729"/><item id="1729"/><item id="1729"/><item id="1729"/><item id="1729"/><item id="1729"/><item id="1729"/><item id="1729"/><item id="1729"/><item id="1729"/><item id="1729"/><item id="1729"/><item id="1729"/><item id="1729"/><item id="1729"/><item id="1729"/><item id="1729"/><item id="1729"/><item id="1729"/><item id="1729"/><item id="1729"/><item id="1729"/><item id="1729"/><item id="1729"/><item id="1729"/><item id="1729"/><item id="1729"/><item id="1729"/><item id="1729"/><item id="1729"/><item id="1729"/><item id="1729"/><item id="1729"/><item id="1729"/><item id="1729"/></tile><tile x="213" y="660" z="7"><item id="1725"/><item id="1725"/><item id="1725"/><item id="1725"/><item id="1725"/><item id="1725"/><item id="1725"/><item id="1725"/><item id="1725"/><item id="1725"/><item id="1725"/><item id="1725"/><item id="1725"/><item id="1725"/><item id="1725"/><item id="1725"/><item id="1725"/><item id="1725"/><item id="1725"/><item id="1725"/><item id="1725"/><item id="1725"/><item id="1725"/><item id="1725"/><item id="1725"/><item id="1725"/><item id="1725"/><item id="1725"/><item id="1725"/><item id="1725"/><item id="1725"/><item id="1725"/><item id="1725"/><item id="1725"/><item id="1725"/><item id="1725"/><item id="1725"/><item id="1725"/><item id="1725"/><item id="1725"/><item id="1725"/><item id="1725"/><item id="1725"/><item id="1725"/><item id="1725"/><item id="1725"/><item id="1725"/><item id="1725"/><item id="1725"/><item id="1725"/><item id="1725"/><item id="1725"/><item id="1725"/><item id="1725"/><item id="1725"/><item id="1725"/><item id="1725"/><item id="1725"/><item id="1725"/><item id="1725"/><item id="1725"/><item id="1725"/><item id="1725"/><item id="1725"/><item id="1725"/><item id="1725"/><item id="1725"/><item id="1725"/><item id="1725"/><item id="1725"/><item id="1725"/><item id="1725"/><item id="1725"/><item id="1725"/><item id="1725"/><item id="1725"/><item id="1725"/><item id="1725"/><item id="1725"/><item id="1725"/><item id="1725"/><item id="1725"/><item id="1725"/><item id="1725"/><item id="1725"/><item id="1725"/><item id="1725"/><item id="1725"/><item id="1725"/><item id="1725"/><item id="1725"/><item id="1725"/><item id="1725"/><item id="1725"/><item id="1725"/></tile><tile x="213" y="663" z="7"><item id="1725"/><item id="1725"/><item id="1725"/><item id="1725"/><item id="1725"/><item id="1725"/><item id="1725"/><item id="1725"/><item id="1725"/><item id="1725"/><item id="1725"/><item id="1725"/><item id="1725"/><item id="1725"/><item id="1725"/><item id="1725"/><item id="1725"/><item id="1725"/><item id="1725"/><item id="1725"/><item id="1725"/><item id="1725"/><item id="1725"/><item id="1725"/><item id="1725"/><item id="1725"/><item id="1725"/><item id="1725"/><item id="1725"/><item id="1725"/><item id="1725"/><item id="1725"/><item id="1725"/><item id="1725"/><item id="1725"/><item id="1725"/><item id="1725"/><item id="1725"/><item id="1725"/><item id="1725"/><item id="1725"/><item id="1725"/><item id="1725"/><item id="1725"/><item id="1725"/><item id="1725"/><item id="1725"/><item id="1725"/><item id="1725"/><item id="1725"/><item id="1725"/><item id="1725"/><item id="1725"/><item id="1725"/><item id="1725"/><item id="1725"/><item id="1725"/><item id="1725"/><item id="1725"/><item id="1725"/><item id="1725"/><item id="1725"/><item id="1725"/><item id="1725"/><item id="1725"/><item id="1725"/><item id="1725"/><item id="1725"/><item id="1725"/><item id="1725"/><item id="1725"/><item id="1725"/><item id="1725"/><item id="1725"/><item id="1725"/><item id="1725"/><item id="1725"/><item id="1725"/><item id="1725"/><item id="1725"/><item id="1725"/><item id="1725"/><item id="1725"/><item id="1725"/><item id="1725"/><item id="1725"/><item id="1725"/><item id="1725"/><item id="1725"/><item id="1725"/><item id="1725"/><item id="1725"/><item id="1725"/><item id="1725"/><item id="1725"/></tile></houseitems>
